"product"	"equation_full"	"logK"	"contributing_logK"	"reference_consolidated"	"database_comments"
"(Ba2+ (Ba))(Aminomethylphosphonic acid (Gly-P) (C1H6N1O3P1))"	"1 (Ba2+ (Ba)) + 1 (Aminomethylphosphonic acid (Gly-P) (C1H6N1O3P1)) = (Ba2+ (Ba))(Aminomethylphosphonic acid (Gly-P) (C1H6N1O3P1))"	"1.17"	"1.17 (NIST-SRD46-verkn_ligand_metal_sic)"	"NIST SRD 46 raw SQL beta_definition_id=812 ligand_id=8332 ligand_name=Aminomethylphosphonic acid (Gly-P) metal_id=18 metal=Ba2+ literature_ids=0"	"I=0.1; uncertainty=0"
"(Ba2+ (Ba))(N,N-Dimethylaminomethylphosphonic acid (C3H10N1O3P1))"	"1 (Ba2+ (Ba)) + 1 (N,N-Dimethylaminomethylphosphonic acid (C3H10N1O3P1)) = (Ba2+ (Ba))(N,N-Dimethylaminomethylphosphonic acid (C3H10N1O3P1))"	"1.5"	"1.5 (NIST-SRD46-verkn_ligand_metal_sic)"	"NIST SRD 46 raw SQL beta_definition_id=812 ligand_id=8393 ligand_name=N N-Dimethylaminomethylphosphonic acid metal_id=18 metal=Ba2+ literature_ids=0"	"I=0.1; uncertainty=0"
"(Ba2+ (Ba))H(Aminomethylphosphonic acid (Gly-P) (C1H6N1O3P1))"	"(Ba2+ (Ba))(Aminomethylphosphonic acid (Gly-P) (C1H6N1O3P1)) + H+ = (Ba2+ (Ba))H(Aminomethylphosphonic acid (Gly-P) (C1H6N1O3P1))"	"9.58"	"9.58 (NIST-SRD46-verkn_ligand_metal_sic)"	"NIST SRD 46 raw SQL beta_definition_id=788 ligand_id=8332 ligand_name=Aminomethylphosphonic acid (Gly-P) metal_id=18 metal=Ba2+ literature_ids=0"	"I=0.1; uncertainty=0"
"(Ca2+ (Ca))(Aminomethylphosphonic acid (Gly-P) (C1H6N1O3P1))"	"1 (Ca2+ (Ca)) + 1 (Aminomethylphosphonic acid (Gly-P) (C1H6N1O3P1)) = (Ca2+ (Ca))(Aminomethylphosphonic acid (Gly-P) (C1H6N1O3P1))"	"1.66"	"1.66 (NIST-SRD46-verkn_ligand_metal_sic)"	"NIST SRD 46 raw SQL beta_definition_id=812 ligand_id=8332 ligand_name=Aminomethylphosphonic acid (Gly-P) metal_id=25 metal=Ca2+ literature_ids=0"	"I=0.1; uncertainty=+/-5"
"(Ca2+ (Ca))(N,N-Diethylaminomethylphosphonic acid (C5H14N1O3P1))"	"1 (Ca2+ (Ca)) + 1 (N,N-Diethylaminomethylphosphonic acid (C5H14N1O3P1)) = (Ca2+ (Ca))(N,N-Diethylaminomethylphosphonic acid (C5H14N1O3P1))"	"1.3"	"1.3 (NIST-SRD46-verkn_ligand_metal_sic)"	"NIST SRD 46 raw SQL beta_definition_id=812 ligand_id=8394 ligand_name=N N-Diethylaminomethylphosphonic acid metal_id=25 metal=Ca2+ literature_ids=0"	"I=1.0; uncertainty=0"
"(Ca2+ (Ca))(N,N-Dimethylaminomethylphosphonic acid (C3H10N1O3P1))"	"1 (Ca2+ (Ca)) + 1 (N,N-Dimethylaminomethylphosphonic acid (C3H10N1O3P1)) = (Ca2+ (Ca))(N,N-Dimethylaminomethylphosphonic acid (C3H10N1O3P1))"	"1.7"	"1.7 (NIST-SRD46-verkn_ligand_metal_sic)"	"NIST SRD 46 raw SQL beta_definition_id=812 ligand_id=8393 ligand_name=N N-Dimethylaminomethylphosphonic acid metal_id=25 metal=Ca2+ literature_ids=0"	"I=0.1; uncertainty=0"
"(Ca2+ (Ca))H(Aminomethylphosphonic acid (Gly-P) (C1H6N1O3P1))"	"1 (Ca2+ (Ca))(Aminomethylphosphonic acid (Gly-P) (C1H6N1O3P1)) + 1 H+ = (Ca2+ (Ca))H(Aminomethylphosphonic acid (Gly-P) (C1H6N1O3P1))"	"9.46"	"9.46 (NIST-SRD46-verkn_ligand_metal_sic)"	"NIST SRD 46 raw SQL beta_definition_id=788 ligand_id=8332 ligand_name=Aminomethylphosphonic acid (Gly-P) metal_id=25 metal=Ca2+ literature_ids=0"	"I=0.1; uncertainty=+/-3"
"(Cd2+ (Cd))(2-Aminoethylaminomethylphosphonic acid (Ethylenediamine-N-methylenephosphonic acid) (EDMP) (C3H11N2O3P1))"	"1 (Cd2+ (Cd)) + 1 (2-Aminoethylaminomethylphosphonic acid (Ethylenediamine-N-methylenephosphonic acid) (EDMP) (C3H11N2O3P1)) = (Cd2+ (Cd))(2-Aminoethylaminomethylphosphonic acid (Ethylenediamine-N-methylenephosphonic acid) (EDMP) (C3H11N2O3P1))"	"8.2"	"8.2 (NIST-SRD46-verkn_ligand_metal_sic)"	"NIST SRD 46 raw SQL beta_definition_id=812 ligand_id=8383 ligand_name=2-Aminoethylaminomethylphosphonic acid (Ethylenediamine-N-methylenephosphonic acid) (EDMP) metal_id=26 metal=Cd2+ literature_ids=0"	"I=0.1; uncertainty=0"
"(Cd2+ (Cd))(2-Aminoethylaminomethylphosphonic acid (Ethylenediamine-N-methylenephosphonic acid) (EDMP) (C3H11N2O3P1))2"	"1 (Cd2+ (Cd)) + 2 (2-Aminoethylaminomethylphosphonic acid (Ethylenediamine-N-methylenephosphonic acid) (EDMP) (C3H11N2O3P1)) = (Cd2+ (Cd))(2-Aminoethylaminomethylphosphonic acid (Ethylenediamine-N-methylenephosphonic acid) (EDMP) (C3H11N2O3P1))2"	"13.8"	"13.8 (NIST-SRD46-verkn_ligand_metal_sic)"	"NIST SRD 46 raw SQL beta_definition_id=840 ligand_id=8383 ligand_name=2-Aminoethylaminomethylphosphonic acid (Ethylenediamine-N-methylenephosphonic acid) (EDMP) metal_id=26 metal=Cd2+ literature_ids=0"	"I=0.1; uncertainty=0"
"(Cd2+ (Cd))(Aminomethylphosphonic acid (Gly-P) (C1H6N1O3P1))"	"1 (Cd2+ (Cd)) + 1 (Aminomethylphosphonic acid (Gly-P) (C1H6N1O3P1)) = (Cd2+ (Cd))(Aminomethylphosphonic acid (Gly-P) (C1H6N1O3P1))"	"5.14"	"5.14 (NIST-SRD46-verkn_ligand_metal_sic)"	"NIST SRD 46 raw SQL beta_definition_id=812 ligand_id=8332 ligand_name=Aminomethylphosphonic acid (Gly-P) metal_id=26 metal=Cd2+ literature_ids=0"	"I=0.1; uncertainty=0"
"(Cd2+ (Cd))(N,N-Dimethylaminomethylphosphonic acid (C3H10N1O3P1))"	"1 (Cd2+ (Cd)) + 1 (N,N-Dimethylaminomethylphosphonic acid (C3H10N1O3P1)) = (Cd2+ (Cd))(N,N-Dimethylaminomethylphosphonic acid (C3H10N1O3P1))"	"5.17"	"5.17 (NIST-SRD46-verkn_ligand_metal_sic)"	"NIST SRD 46 raw SQL beta_definition_id=812 ligand_id=8393 ligand_name=N N-Dimethylaminomethylphosphonic acid metal_id=26 metal=Cd2+ literature_ids=0"	"I=0.1; uncertainty=0"
"(Cd2+ (Cd))H(2-Aminoethylaminomethylphosphonic acid (Ethylenediamine-N-methylenephosphonic acid) (EDMP) (C3H11N2O3P1))"	"1 (Cd2+ (Cd))(2-Aminoethylaminomethylphosphonic acid (Ethylenediamine-N-methylenephosphonic acid) (EDMP) (C3H11N2O3P1)) + 1 H+ = (Cd2+ (Cd))H(2-Aminoethylaminomethylphosphonic acid (Ethylenediamine-N-methylenephosphonic acid) (EDMP) (C3H11N2O3P1))"	"5.6"	"5.6 (NIST-SRD46-verkn_ligand_metal_sic)"	"NIST SRD 46 raw SQL beta_definition_id=788 ligand_id=8383 ligand_name=2-Aminoethylaminomethylphosphonic acid (Ethylenediamine-N-methylenephosphonic acid) (EDMP) metal_id=26 metal=Cd2+ literature_ids=0"	"I=0.1; uncertainty=0"
"(Cd2+ (Cd))H(Aminomethylphosphonic acid (Gly-P) (C1H6N1O3P1))"	"1 (Cd2+ (Cd))(Aminomethylphosphonic acid (Gly-P) (C1H6N1O3P1)) + 1 H+ = (Cd2+ (Cd))H(Aminomethylphosphonic acid (Gly-P) (C1H6N1O3P1))"	"6.96"	"6.96 (NIST-SRD46-verkn_ligand_metal_sic)"	"NIST SRD 46 raw SQL beta_definition_id=788 ligand_id=8332 ligand_name=Aminomethylphosphonic acid (Gly-P) metal_id=26 metal=Cd2+ literature_ids=0"	"I=0.1; uncertainty=0"
"(Cd2+ (Cd))H(N,N-Dimethylaminomethylphosphonic acid (C3H10N1O3P1))"	"1 (Cd2+ (Cd))(N,N-Dimethylaminomethylphosphonic acid (C3H10N1O3P1)) + 1 H+ = (Cd2+ (Cd))H(N,N-Dimethylaminomethylphosphonic acid (C3H10N1O3P1))"	"7.6"	"7.6 (NIST-SRD46-verkn_ligand_metal_sic)"	"NIST SRD 46 raw SQL beta_definition_id=788 ligand_id=8393 ligand_name=N N-Dimethylaminomethylphosphonic acid metal_id=26 metal=Cd2+ literature_ids=0"	"I=0.1; uncertainty=0"
"(Co2+ (Co))(2-Aminoethylaminomethylphosphonic acid (Ethylenediamine-N-methylenephosphonic acid) (EDMP) (C3H11N2O3P1))"	"1 (Co2+ (Co)) + 1 (2-Aminoethylaminomethylphosphonic acid (Ethylenediamine-N-methylenephosphonic acid) (EDMP) (C3H11N2O3P1)) = (Co2+ (Co))(2-Aminoethylaminomethylphosphonic acid (Ethylenediamine-N-methylenephosphonic acid) (EDMP) (C3H11N2O3P1))"	"8"	"8 (NIST-SRD46-verkn_ligand_metal_sic)"	"NIST SRD 46 raw SQL beta_definition_id=812 ligand_id=8383 ligand_name=2-Aminoethylaminomethylphosphonic acid (Ethylenediamine-N-methylenephosphonic acid) (EDMP) metal_id=33 metal=Co2+ literature_ids=0"	"I=0.1; uncertainty=0"
"(Co2+ (Co))(2-Aminoethylaminomethylphosphonic acid (Ethylenediamine-N-methylenephosphonic acid) (EDMP) (C3H11N2O3P1))2"	"1 (Co2+ (Co)) + 2 (2-Aminoethylaminomethylphosphonic acid (Ethylenediamine-N-methylenephosphonic acid) (EDMP) (C3H11N2O3P1)) = (Co2+ (Co))(2-Aminoethylaminomethylphosphonic acid (Ethylenediamine-N-methylenephosphonic acid) (EDMP) (C3H11N2O3P1))2"	"13.4"	"13.4 (NIST-SRD46-verkn_ligand_metal_sic)"	"NIST SRD 46 raw SQL beta_definition_id=840 ligand_id=8383 ligand_name=2-Aminoethylaminomethylphosphonic acid (Ethylenediamine-N-methylenephosphonic acid) (EDMP) metal_id=33 metal=Co2+ literature_ids=0"	"I=0.1; uncertainty=0"
"(Co2+ (Co))(Aminomethanoylaminomethylphosphonic acid (Gly-Gly-P) (C3H9N2O4P1))"	"1 (Co2+ (Co)) + 1 (Aminomethanoylaminomethylphosphonic acid (Gly-Gly-P) (C3H9N2O4P1)) = (Co2+ (Co))(Aminomethanoylaminomethylphosphonic acid (Gly-Gly-P) (C3H9N2O4P1))"	"3.57"	"3.57 (NIST-SRD46-verkn_ligand_metal_sic)"	"NIST SRD 46 raw SQL beta_definition_id=812 ligand_id=8363 ligand_name=Aminomethanoylaminomethylphosphonic acid (Gly-Gly-P) metal_id=33 metal=Co2+ literature_ids=0"	"I=0.1; uncertainty=+/-3"
"(Co2+ (Co))(Aminomethanoylaminomethylphosphonic acid (Gly-Gly-P) (C3H9N2O4P1))"	"1 (Co2+ (Co))(OH)(Aminomethanoylaminomethylphosphonic acid (Gly-Gly-P) (C3H9N2O4P1)) + 1 H+ = (Co2+ (Co))(Aminomethanoylaminomethylphosphonic acid (Gly-Gly-P) (C3H9N2O4P1))"	"8.87"	"8.87 (NIST-SRD46-verkn_ligand_metal_sic)"	"NIST SRD 46 raw SQL beta_definition_id=966 ligand_id=8363 ligand_name=Aminomethanoylaminomethylphosphonic acid (Gly-Gly-P) metal_id=33 metal=Co2+ literature_ids=0"	"I=0.1; uncertainty=0"
"(Co2+ (Co))(Aminomethanoylaminomethylphosphonic acid (Gly-Gly-P) (C3H9N2O4P1))2"	"(Co2+ (Co)) + 2 (Aminomethanoylaminomethylphosphonic acid (Gly-Gly-P) (C3H9N2O4P1)) = (Co2+ (Co))(Aminomethanoylaminomethylphosphonic acid (Gly-Gly-P) (C3H9N2O4P1))2"	"6.24"	"6.24 (NIST-SRD46-verkn_ligand_metal_sic)"	"NIST SRD 46 raw SQL beta_definition_id=840 ligand_id=8363 ligand_name=Aminomethanoylaminomethylphosphonic acid (Gly-Gly-P) metal_id=33 metal=Co2+ literature_ids=0"	"I=0.1; uncertainty=0"
"(Co2+ (Co))(Aminomethylphosphonic acid (Gly-P) (C1H6N1O3P1))"	"1 (Co2+ (Co)) + 1 (Aminomethylphosphonic acid (Gly-P) (C1H6N1O3P1)) = (Co2+ (Co))(Aminomethylphosphonic acid (Gly-P) (C1H6N1O3P1))"	"4.52"	"4.52 (NIST-SRD46-verkn_ligand_metal_sic)"	"NIST SRD 46 raw SQL beta_definition_id=812 ligand_id=8332 ligand_name=Aminomethylphosphonic acid (Gly-P) metal_id=33 metal=Co2+ literature_ids=0"	"I=0.1; uncertainty=+/-7"
"(Co2+ (Co))(Aminomethylphosphonic acid (Gly-P) (C1H6N1O3P1))2"	"1 (Co2+ (Co)) + 2 (Aminomethylphosphonic acid (Gly-P) (C1H6N1O3P1)) = (Co2+ (Co))(Aminomethylphosphonic acid (Gly-P) (C1H6N1O3P1))2"	"8.09"	"8.09 (NIST-SRD46-verkn_ligand_metal_sic)"	"NIST SRD 46 raw SQL beta_definition_id=840 ligand_id=8332 ligand_name=Aminomethylphosphonic acid (Gly-P) metal_id=33 metal=Co2+ literature_ids=0"	"I=0.1; uncertainty=0"
"(Co2+ (Co))(H(Aminomethylphosphonic acid (Gly-P) (C1H6N1O3P1)))2"	"1 (Co2+ (Co))H(Aminomethylphosphonic acid (Gly-P) (C1H6N1O3P1))2 + 1 H+ = (Co2+ (Co))(H(Aminomethylphosphonic acid (Gly-P) (C1H6N1O3P1)))2"	"6.2"	"6.2 (NIST-SRD46-verkn_ligand_metal_sic)"	"NIST SRD 46 raw SQL beta_definition_id=204 ligand_id=8332 ligand_name=Aminomethylphosphonic acid (Gly-P) metal_id=33 metal=Co2+ literature_ids=0"	"I=0.1; uncertainty=0"
"(Co2+ (Co))(L-2-Aminopropanoylaminomethylphosphonic acid (L-Ala-Gly-P) (C4H11N2O4P1))"	"1 (Co2+ (Co)) + 1 (L-2-Aminopropanoylaminomethylphosphonic acid (L-Ala-Gly-P) (C4H11N2O4P1)) = (Co2+ (Co))(L-2-Aminopropanoylaminomethylphosphonic acid (L-Ala-Gly-P) (C4H11N2O4P1))"	"2.84"	"2.84 (NIST-SRD46-verkn_ligand_metal_sic)"	"NIST SRD 46 raw SQL beta_definition_id=812 ligand_id=8365 ligand_name=L-2-Aminopropanoylaminomethylphosphonic acid (L-Ala-Gly-P) metal_id=33 metal=Co2+ literature_ids=0"	"I=0.1; uncertainty=0"
"(Co2+ (Co))(L-2-Aminopropanoylaminomethylphosphonic acid (L-Ala-Gly-P) (C4H11N2O4P1))"	"1 (Co2+ (Co))(OH)(L-2-Aminopropanoylaminomethylphosphonic acid (L-Ala-Gly-P) (C4H11N2O4P1)) + 1 H+ = (Co2+ (Co))(L-2-Aminopropanoylaminomethylphosphonic acid (L-Ala-Gly-P) (C4H11N2O4P1))"	"8.95"	"8.95 (NIST-SRD46-verkn_ligand_metal_sic)"	"NIST SRD 46 raw SQL beta_definition_id=966 ligand_id=8365 ligand_name=L-2-Aminopropanoylaminomethylphosphonic acid (L-Ala-Gly-P) metal_id=33 metal=Co2+ literature_ids=0"	"I=0.1; uncertainty=0"
"(Co2+ (Co))(L-2-Aminopropanoylaminomethylphosphonic acid (L-Ala-Gly-P) (C4H11N2O4P1))2"	"1 (Co2+ (Co)) + 2 (L-2-Aminopropanoylaminomethylphosphonic acid (L-Ala-Gly-P) (C4H11N2O4P1)) = (Co2+ (Co))(L-2-Aminopropanoylaminomethylphosphonic acid (L-Ala-Gly-P) (C4H11N2O4P1))2"	"4.3"	"4.3 (NIST-SRD46-verkn_ligand_metal_sic)"	"NIST SRD 46 raw SQL beta_definition_id=840 ligand_id=8365 ligand_name=L-2-Aminopropanoylaminomethylphosphonic acid (L-Ala-Gly-P) metal_id=33 metal=Co2+ literature_ids=0"	"I=0.1; uncertainty=0"
"(Co2+ (Co))(N,N-Dimethylaminomethylphosphonic acid (C3H10N1O3P1))"	"1 (Co2+ (Co)) + 1 (N,N-Dimethylaminomethylphosphonic acid (C3H10N1O3P1)) = (Co2+ (Co))(N,N-Dimethylaminomethylphosphonic acid (C3H10N1O3P1))"	"4.8"	"4.8 (NIST-SRD46-verkn_ligand_metal_sic)"	"NIST SRD 46 raw SQL beta_definition_id=812 ligand_id=8393 ligand_name=N N-Dimethylaminomethylphosphonic acid metal_id=33 metal=Co2+ literature_ids=0"	"I=0.1; uncertainty=0"
"(Co2+ (Co))H(2-Aminoethylaminomethylphosphonic acid (Ethylenediamine-N-methylenephosphonic acid) (EDMP) (C3H11N2O3P1))"	"1 (Co2+ (Co))(2-Aminoethylaminomethylphosphonic acid (Ethylenediamine-N-methylenephosphonic acid) (EDMP) (C3H11N2O3P1)) + 1 H+ = (Co2+ (Co))H(2-Aminoethylaminomethylphosphonic acid (Ethylenediamine-N-methylenephosphonic acid) (EDMP) (C3H11N2O3P1))"	"5.5"	"5.5 (NIST-SRD46-verkn_ligand_metal_sic)"	"NIST SRD 46 raw SQL beta_definition_id=788 ligand_id=8383 ligand_name=2-Aminoethylaminomethylphosphonic acid (Ethylenediamine-N-methylenephosphonic acid) (EDMP) metal_id=33 metal=Co2+ literature_ids=0"	"I=0.1; uncertainty=0"
"(Co2+ (Co))H(Aminomethanoylaminomethylphosphonic acid (Gly-Gly-P) (C3H9N2O4P1))"	"1 (Co2+ (Co))(Aminomethanoylaminomethylphosphonic acid (Gly-Gly-P) (C3H9N2O4P1)) + 1 H+ = (Co2+ (Co))H(Aminomethanoylaminomethylphosphonic acid (Gly-Gly-P) (C3H9N2O4P1))"	"6.29"	"6.29 (NIST-SRD46-verkn_ligand_metal_sic)"	"NIST SRD 46 raw SQL beta_definition_id=788 ligand_id=8363 ligand_name=Aminomethanoylaminomethylphosphonic acid (Gly-Gly-P) metal_id=33 metal=Co2+ literature_ids=0"	"I=0.1; uncertainty=-60"
"(Co2+ (Co))H(Aminomethylphosphonic acid (Gly-P) (C1H6N1O3P1))"	"1 (Co2+ (Co))(Aminomethylphosphonic acid (Gly-P) (C1H6N1O3P1)) + 1 H+ = (Co2+ (Co))H(Aminomethylphosphonic acid (Gly-P) (C1H6N1O3P1))"	"7.34"	"7.34 (NIST-SRD46-verkn_ligand_metal_sic)"	"NIST SRD 46 raw SQL beta_definition_id=788 ligand_id=8332 ligand_name=Aminomethylphosphonic acid (Gly-P) metal_id=33 metal=Co2+ literature_ids=0"	"I=0.1; uncertainty=-30"
"(Co2+ (Co))H(N,N-Dimethylaminomethylphosphonic acid (C3H10N1O3P1))"	"1 (Co2+ (Co))(N,N-Dimethylaminomethylphosphonic acid (C3H10N1O3P1)) + 1 H+ = (Co2+ (Co))H(N,N-Dimethylaminomethylphosphonic acid (C3H10N1O3P1))"	"8.45"	"8.45 (NIST-SRD46-verkn_ligand_metal_sic)"	"NIST SRD 46 raw SQL beta_definition_id=788 ligand_id=8393 ligand_name=N N-Dimethylaminomethylphosphonic acid metal_id=33 metal=Co2+ literature_ids=0"	"I=0.1; uncertainty=0"
"(Cu2+ (Cu))(2-Aminoethylaminomethylphosphonic acid (Ethylenediamine-N-methylenephosphonic acid) (EDMP) (C3H11N2O3P1))"	"1 (Cu2+ (Cu)) + 1 (2-Aminoethylaminomethylphosphonic acid (Ethylenediamine-N-methylenephosphonic acid) (EDMP) (C3H11N2O3P1)) = (Cu2+ (Cu))(2-Aminoethylaminomethylphosphonic acid (Ethylenediamine-N-methylenephosphonic acid) (EDMP) (C3H11N2O3P1))"	"14.8"	"14.8 (NIST-SRD46-verkn_ligand_metal_sic)"	"NIST SRD 46 raw SQL beta_definition_id=812 ligand_id=8383 ligand_name=2-Aminoethylaminomethylphosphonic acid (Ethylenediamine-N-methylenephosphonic acid) (EDMP) metal_id=41 metal=Cu2+ literature_ids=0"	"I=0.1; uncertainty=0"
"(Cu2+ (Cu))(2-Aminoethylaminomethylphosphonic acid (Ethylenediamine-N-methylenephosphonic acid) (EDMP) (C3H11N2O3P1))2"	"1 (Cu2+ (Cu)) + 2 (2-Aminoethylaminomethylphosphonic acid (Ethylenediamine-N-methylenephosphonic acid) (EDMP) (C3H11N2O3P1)) = (Cu2+ (Cu))(2-Aminoethylaminomethylphosphonic acid (Ethylenediamine-N-methylenephosphonic acid) (EDMP) (C3H11N2O3P1))2"	"20.9"	"20.9 (NIST-SRD46-verkn_ligand_metal_sic)"	"NIST SRD 46 raw SQL beta_definition_id=840 ligand_id=8383 ligand_name=2-Aminoethylaminomethylphosphonic acid (Ethylenediamine-N-methylenephosphonic acid) (EDMP) metal_id=41 metal=Cu2+ literature_ids=0"	"I=0.1; uncertainty=0"
"(Cu2+ (Cu))(Aminomethanoylaminomethylphosphonic acid (Gly-Gly-P) (C3H9N2O4P1))"	"1 (Cu2+ (Cu))(H-1(Aminomethanoylaminomethylphosphonic acid (Gly-Gly-P) (C3H9N2O4P1))) + 1 H+ = (Cu2+ (Cu))(Aminomethanoylaminomethylphosphonic acid (Gly-Gly-P) (C3H9N2O4P1))"	"5.1"	"5.1 (NIST-SRD46-verkn_ligand_metal_sic)"	"NIST SRD 46 raw SQL beta_definition_id=107 ligand_id=8363 ligand_name=Aminomethanoylaminomethylphosphonic acid (Gly-Gly-P) metal_id=41 metal=Cu2+ literature_ids=0"	"I=0.1; uncertainty=+/-2"
"(Cu2+ (Cu))(Aminomethanoylaminomethylphosphonic acid (Gly-Gly-P) (C3H9N2O4P1))"	"1 (Cu2+ (Cu)) + 1 (Aminomethanoylaminomethylphosphonic acid (Gly-Gly-P) (C3H9N2O4P1)) = (Cu2+ (Cu))(Aminomethanoylaminomethylphosphonic acid (Gly-Gly-P) (C3H9N2O4P1))"	"6.87"	"6.87 (NIST-SRD46-verkn_ligand_metal_sic)"	"NIST SRD 46 raw SQL beta_definition_id=812 ligand_id=8363 ligand_name=Aminomethanoylaminomethylphosphonic acid (Gly-Gly-P) metal_id=41 metal=Cu2+ literature_ids=0"	"I=0.1; uncertainty=+/-8"
"(Cu2+ (Cu))(Aminomethanoylaminomethylphosphonic acid (Gly-Gly-P) (C3H9N2O4P1))2"	"1 (Cu2+ (Cu))(H-1(Aminomethanoylaminomethylphosphonic acid (Gly-Gly-P) (C3H9N2O4P1)))(Aminomethanoylaminomethylphosphonic acid (Gly-Gly-P) (C3H9N2O4P1)) + 1 H+ = (Cu2+ (Cu))(Aminomethanoylaminomethylphosphonic acid (Gly-Gly-P) (C3H9N2O4P1))2"	"7.04"	"7.04 (NIST-SRD46-verkn_ligand_metal_sic)"	"NIST SRD 46 raw SQL beta_definition_id=134 ligand_id=8363 ligand_name=Aminomethanoylaminomethylphosphonic acid (Gly-Gly-P) metal_id=41 metal=Cu2+ literature_ids=0"	"I=0.1; uncertainty=0"
"(Cu2+ (Cu))(Aminomethanoylaminomethylphosphonic acid (Gly-Gly-P) (C3H9N2O4P1))2"	"1 (Cu2+ (Cu)) + 2 (Aminomethanoylaminomethylphosphonic acid (Gly-Gly-P) (C3H9N2O4P1)) = (Cu2+ (Cu))(Aminomethanoylaminomethylphosphonic acid (Gly-Gly-P) (C3H9N2O4P1))2"	"12.01"	"12.01 (NIST-SRD46-verkn_ligand_metal_sic)"	"NIST SRD 46 raw SQL beta_definition_id=840 ligand_id=8363 ligand_name=Aminomethanoylaminomethylphosphonic acid (Gly-Gly-P) metal_id=41 metal=Cu2+ literature_ids=0"	"I=0.1; uncertainty=0"
"(Cu2+ (Cu))(Aminomethylphosphonic acid (Gly-P) (C1H6N1O3P1))"	"1 (Cu2+ (Cu)) + 1 (Aminomethylphosphonic acid (Gly-P) (C1H6N1O3P1)) = (Cu2+ (Cu))(Aminomethylphosphonic acid (Gly-P) (C1H6N1O3P1))"	"7.77"	"7.77 (NIST-SRD46-verkn_ligand_metal_sic)"	"NIST SRD 46 raw SQL beta_definition_id=812 ligand_id=8332 ligand_name=Aminomethylphosphonic acid (Gly-P) metal_id=41 metal=Cu2+ literature_ids=0"	"I=0.5; uncertainty=0"
"(Cu2+ (Cu))(Aminomethylphosphonic acid (Gly-P) (C1H6N1O3P1))"	"1 (Cu2+ (Cu)) + 1 (Aminomethylphosphonic acid (Gly-P) (C1H6N1O3P1)) = (Cu2+ (Cu))(Aminomethylphosphonic acid (Gly-P) (C1H6N1O3P1))"	"8.1"	"8.1 (NIST-SRD46-verkn_ligand_metal_sic)"	"NIST SRD 46 raw SQL beta_definition_id=812 ligand_id=8332 ligand_name=Aminomethylphosphonic acid (Gly-P) metal_id=41 metal=Cu2+ literature_ids=0"	"I=0.1; uncertainty=+/-2"
"(Cu2+ (Cu))(Aminomethylphosphonic acid (Gly-P) (C1H6N1O3P1))"	"1 (Cu2+ (Cu))(OH)(Aminomethylphosphonic acid (Gly-P) (C1H6N1O3P1)) + 1 H+ = (Cu2+ (Cu))(Aminomethylphosphonic acid (Gly-P) (C1H6N1O3P1))"	"8.5"	"8.5 (NIST-SRD46-verkn_ligand_metal_sic)"	"NIST SRD 46 raw SQL beta_definition_id=966 ligand_id=8332 ligand_name=Aminomethylphosphonic acid (Gly-P) metal_id=41 metal=Cu2+ literature_ids=0"	"I=0.1; uncertainty=0"
"(Cu2+ (Cu))(Aminomethylphosphonic acid (Gly-P) (C1H6N1O3P1))2"	"1 (Cu2+ (Cu)) + 2 (Aminomethylphosphonic acid (Gly-P) (C1H6N1O3P1)) = (Cu2+ (Cu))(Aminomethylphosphonic acid (Gly-P) (C1H6N1O3P1))2"	"14.1"	"14.1 (NIST-SRD46-verkn_ligand_metal_sic)"	"NIST SRD 46 raw SQL beta_definition_id=840 ligand_id=8332 ligand_name=Aminomethylphosphonic acid (Gly-P) metal_id=41 metal=Cu2+ literature_ids=0"	"I=0.5; uncertainty=0"
"(Cu2+ (Cu))(Aminomethylphosphonic acid (Gly-P) (C1H6N1O3P1))2"	"1 (Cu2+ (Cu)) + 2 (Aminomethylphosphonic acid (Gly-P) (C1H6N1O3P1)) = (Cu2+ (Cu))(Aminomethylphosphonic acid (Gly-P) (C1H6N1O3P1))2"	"14.65"	"14.65 (NIST-SRD46-verkn_ligand_metal_sic)"	"NIST SRD 46 raw SQL beta_definition_id=840 ligand_id=8332 ligand_name=Aminomethylphosphonic acid (Gly-P) metal_id=41 metal=Cu2+ literature_ids=0"	"I=0.1; uncertainty=0"
"(Cu2+ (Cu))(H(Aminomethylphosphonic acid (Gly-P) (C1H6N1O3P1)))2"	"1 (Cu2+ (Cu))H(Aminomethylphosphonic acid (Gly-P) (C1H6N1O3P1))2 + 1 H+ = (Cu2+ (Cu))(H(Aminomethylphosphonic acid (Gly-P) (C1H6N1O3P1)))2"	"4.6"	"4.6 (NIST-SRD46-verkn_ligand_metal_sic)"	"NIST SRD 46 raw SQL beta_definition_id=204 ligand_id=8332 ligand_name=Aminomethylphosphonic acid (Gly-P) metal_id=41 metal=Cu2+ literature_ids=0"	"I=0.1; uncertainty=0"
"(Cu2+ (Cu))(H(N,N-Diethylaminomethylphosphonic acid (C5H14N1O3P1)))2"	"1 (Cu2+ (Cu)) + 2 H(N,N-Diethylaminomethylphosphonic acid (C5H14N1O3P1)) = (Cu2+ (Cu))(H(N,N-Diethylaminomethylphosphonic acid (C5H14N1O3P1)))2"	"3.94"	"3.94 (NIST-SRD46-verkn_ligand_metal_sic)"	"NIST SRD 46 raw SQL beta_definition_id=194 ligand_id=8394 ligand_name=N N-Diethylaminomethylphosphonic acid metal_id=41 metal=Cu2+ literature_ids=0"	"I=0.1; uncertainty=0"
"(Cu2+ (Cu))(H(N,N-Dimethylaminomethylphosphonic acid (C3H10N1O3P1)))2"	"1 (Cu2+ (Cu))H(N,N-Dimethylaminomethylphosphonic acid (C3H10N1O3P1))2 + 1 H+ = (Cu2+ (Cu))(H(N,N-Dimethylaminomethylphosphonic acid (C3H10N1O3P1)))2"	"5.2"	"5.2 (NIST-SRD46-verkn_ligand_metal_sic)"	"NIST SRD 46 raw SQL beta_definition_id=204 ligand_id=8393 ligand_name=N N-Dimethylaminomethylphosphonic acid metal_id=41 metal=Cu2+ literature_ids=0"	"I=0.1; uncertainty=0"
"(Cu2+ (Cu))(H(N-Ethylaminomethylphosphonic acid (C3H10N1O3P1)))2"	"1 (Cu2+ (Cu))H(N-Ethylaminomethylphosphonic acid (C3H10N1O3P1))2 + 1 H+ = (Cu2+ (Cu))(H(N-Ethylaminomethylphosphonic acid (C3H10N1O3P1)))2"	"5.58"	"5.58 (NIST-SRD46-verkn_ligand_metal_sic)"	"NIST SRD 46 raw SQL beta_definition_id=204 ligand_id=8379 ligand_name=N-Ethylaminomethylphosphonic acid metal_id=41 metal=Cu2+ literature_ids=0"	"I=0.1; uncertainty=0"
"(Cu2+ (Cu))(H(N-Methylaminomethylphosphonic acid (Sar-P) (C2H8N1O3P1)))2"	"1 (Cu2+ (Cu))H(N-Methylaminomethylphosphonic acid (Sar-P) (C2H8N1O3P1))2 + 1 H+ = (Cu2+ (Cu))(H(N-Methylaminomethylphosphonic acid (Sar-P) (C2H8N1O3P1)))2"	"4.9"	"4.9 (NIST-SRD46-verkn_ligand_metal_sic)"	"NIST SRD 46 raw SQL beta_definition_id=204 ligand_id=8378 ligand_name=N-Methylaminomethylphosphonic acid (Sar-P) metal_id=41 metal=Cu2+ literature_ids=0"	"I=0.1; uncertainty=0"
"(Cu2+ (Cu))(H-1(Aminomethanoylaminomethylphosphonic acid (Gly-Gly-P) (C3H9N2O4P1)))"	"1 (Cu2+ (Cu))(OH)(H-1(Aminomethanoylaminomethylphosphonic acid (Gly-Gly-P) (C3H9N2O4P1))) + 1 H+ = (Cu2+ (Cu))(H-1(Aminomethanoylaminomethylphosphonic acid (Gly-Gly-P) (C3H9N2O4P1)))"	"8.35"	"8.35 (NIST-SRD46-verkn_ligand_metal_sic)"	"NIST SRD 46 raw SQL beta_definition_id=117 ligand_id=8363 ligand_name=Aminomethanoylaminomethylphosphonic acid (Gly-Gly-P) metal_id=41 metal=Cu2+ literature_ids=0"	"I=0.1; uncertainty=0"
"(Cu2+ (Cu))(H-1)(L-2-Aminopropanoylaminomethylphosphonic acid (L-Ala-Gly-P) (C4H11N2O4P1))"	"1 (Cu2+ (Cu))(OH)(H-1(L-2-Aminopropanoylaminomethylphosphonic acid (L-Ala-Gly-P) (C4H11N2O4P1))) + 1 H+ = (Cu2+ (Cu))(H-1)(L-2-Aminopropanoylaminomethylphosphonic acid (L-Ala-Gly-P) (C4H11N2O4P1))"	"8.68"	"8.68 (NIST-SRD46-verkn_ligand_metal_sic)"	"NIST SRD 46 raw SQL beta_definition_id=106 ligand_id=8365 ligand_name=L-2-Aminopropanoylaminomethylphosphonic acid (L-Ala-Gly-P) metal_id=41 metal=Cu2+ literature_ids=0"	"I=0.1; uncertainty=0"
"(Cu2+ (Cu))(L-2-Aminopropanoylaminomethylphosphonic acid (L-Ala-Gly-P) (C4H11N2O4P1))"	"1 (Cu2+ (Cu))(H-1(L-2-Aminopropanoylaminomethylphosphonic acid (L-Ala-Gly-P) (C4H11N2O4P1))) + 1 H+ = (Cu2+ (Cu))(L-2-Aminopropanoylaminomethylphosphonic acid (L-Ala-Gly-P) (C4H11N2O4P1))"	"4.77"	"4.77 (NIST-SRD46-verkn_ligand_metal_sic)"	"NIST SRD 46 raw SQL beta_definition_id=107 ligand_id=8365 ligand_name=L-2-Aminopropanoylaminomethylphosphonic acid (L-Ala-Gly-P) metal_id=41 metal=Cu2+ literature_ids=0"	"I=0.1; uncertainty=0"
"(Cu2+ (Cu))(L-2-Aminopropanoylaminomethylphosphonic acid (L-Ala-Gly-P) (C4H11N2O4P1))"	"1 (Cu2+ (Cu)) + 1 (L-2-Aminopropanoylaminomethylphosphonic acid (L-Ala-Gly-P) (C4H11N2O4P1)) = (Cu2+ (Cu))(L-2-Aminopropanoylaminomethylphosphonic acid (L-Ala-Gly-P) (C4H11N2O4P1))"	"6.36"	"6.36 (NIST-SRD46-verkn_ligand_metal_sic)"	"NIST SRD 46 raw SQL beta_definition_id=812 ligand_id=8365 ligand_name=L-2-Aminopropanoylaminomethylphosphonic acid (L-Ala-Gly-P) metal_id=41 metal=Cu2+ literature_ids=0"	"I=0.1; uncertainty=0"
"(Cu2+ (Cu))(L-2-Aminopropanoylaminomethylphosphonic acid (L-Ala-Gly-P) (C4H11N2O4P1))2"	"1 (Cu2+ (Cu))(H-1(L-2-Aminopropanoylaminomethylphosphonic acid (L-Ala-Gly-P) (C4H11N2O4P1)))(L-2-Aminopropanoylaminomethylphosphonic acid (L-Ala-Gly-P) (C4H11N2O4P1)) + 1 H+ = (Cu2+ (Cu))(L-2-Aminopropanoylaminomethylphosphonic acid (L-Ala-Gly-P) (C4H11N2O4P1))2"	"7.41"	"7.41 (NIST-SRD46-verkn_ligand_metal_sic)"	"NIST SRD 46 raw SQL beta_definition_id=134 ligand_id=8365 ligand_name=L-2-Aminopropanoylaminomethylphosphonic acid (L-Ala-Gly-P) metal_id=41 metal=Cu2+ literature_ids=0"	"I=0.1; uncertainty=0"
"(Cu2+ (Cu))(L-2-Aminopropanoylaminomethylphosphonic acid (L-Ala-Gly-P) (C4H11N2O4P1))2"	"1 (Cu2+ (Cu)) + 2 (L-2-Aminopropanoylaminomethylphosphonic acid (L-Ala-Gly-P) (C4H11N2O4P1)) = (Cu2+ (Cu))(L-2-Aminopropanoylaminomethylphosphonic acid (L-Ala-Gly-P) (C4H11N2O4P1))2"	"12.06"	"12.06 (NIST-SRD46-verkn_ligand_metal_sic)"	"NIST SRD 46 raw SQL beta_definition_id=840 ligand_id=8365 ligand_name=L-2-Aminopropanoylaminomethylphosphonic acid (L-Ala-Gly-P) metal_id=41 metal=Cu2+ literature_ids=0"	"I=0.1; uncertainty=0"
"(Cu2+ (Cu))(N,N-Diethylaminomethylphosphonic acid (C5H14N1O3P1))"	"1 (Cu2+ (Cu)) + 1 (N,N-Diethylaminomethylphosphonic acid (C5H14N1O3P1)) = (Cu2+ (Cu))(N,N-Diethylaminomethylphosphonic acid (C5H14N1O3P1))"	"7.46"	"7.46 (NIST-SRD46-verkn_ligand_metal_sic)"	"NIST SRD 46 raw SQL beta_definition_id=812 ligand_id=8394 ligand_name=N N-Diethylaminomethylphosphonic acid metal_id=41 metal=Cu2+ literature_ids=0"	"I=0.1; uncertainty=0"
"(Cu2+ (Cu))(N,N-Diethylaminomethylphosphonic acid (C5H14N1O3P1))"	"1 (Cu2+ (Cu))(OH)(N,N-Diethylaminomethylphosphonic acid (C5H14N1O3P1)) + 1 H+ = (Cu2+ (Cu))(N,N-Diethylaminomethylphosphonic acid (C5H14N1O3P1))"	"7.48"	"7.48 (NIST-SRD46-verkn_ligand_metal_sic)"	"NIST SRD 46 raw SQL beta_definition_id=966 ligand_id=8394 ligand_name=N N-Diethylaminomethylphosphonic acid metal_id=41 metal=Cu2+ literature_ids=0"	"I=0.1; uncertainty=0"
"(Cu2+ (Cu))(N,N-Dimethylaminomethylphosphonic acid (C3H10N1O3P1))"	"1 (Cu2+ (Cu))(OH)(N,N-Dimethylaminomethylphosphonic acid (C3H10N1O3P1)) + 1 H+ = (Cu2+ (Cu))(N,N-Dimethylaminomethylphosphonic acid (C3H10N1O3P1))"	"7.79"	"7.79 (NIST-SRD46-verkn_ligand_metal_sic)"	"NIST SRD 46 raw SQL beta_definition_id=966 ligand_id=8393 ligand_name=N N-Dimethylaminomethylphosphonic acid metal_id=41 metal=Cu2+ literature_ids=0"	"I=0.1; uncertainty=0"
"(Cu2+ (Cu))(N,N-Dimethylaminomethylphosphonic acid (C3H10N1O3P1))"	"1 (Cu2+ (Cu)) + 1 (N,N-Dimethylaminomethylphosphonic acid (C3H10N1O3P1)) = (Cu2+ (Cu))(N,N-Dimethylaminomethylphosphonic acid (C3H10N1O3P1))"	"8.02"	"8.02 (NIST-SRD46-verkn_ligand_metal_sic)"	"NIST SRD 46 raw SQL beta_definition_id=812 ligand_id=8393 ligand_name=N N-Dimethylaminomethylphosphonic acid metal_id=41 metal=Cu2+ literature_ids=0"	"I=0.1; uncertainty=+/-4"
"(Cu2+ (Cu))(N,N-Dimethylaminomethylphosphonic acid (C3H10N1O3P1))2"	"1 (Cu2+ (Cu)) + 2 (N,N-Dimethylaminomethylphosphonic acid (C3H10N1O3P1)) = (Cu2+ (Cu))(N,N-Dimethylaminomethylphosphonic acid (C3H10N1O3P1))2"	"13.84"	"13.84 (NIST-SRD46-verkn_ligand_metal_sic)"	"NIST SRD 46 raw SQL beta_definition_id=840 ligand_id=8393 ligand_name=N N-Dimethylaminomethylphosphonic acid metal_id=41 metal=Cu2+ literature_ids=0"	"I=0.1; uncertainty=0"
"(Cu2+ (Cu))(N-Ethylaminomethylphosphonic acid (C3H10N1O3P1))"	"1 (Cu2+ (Cu))(OH)(N-Ethylaminomethylphosphonic acid (C3H10N1O3P1)) + 1 H+ = (Cu2+ (Cu))(N-Ethylaminomethylphosphonic acid (C3H10N1O3P1))"	"7.57"	"7.57 (NIST-SRD46-verkn_ligand_metal_sic)"	"NIST SRD 46 raw SQL beta_definition_id=966 ligand_id=8379 ligand_name=N-Ethylaminomethylphosphonic acid metal_id=41 metal=Cu2+ literature_ids=0"	"I=0.1; uncertainty=0"
"(Cu2+ (Cu))(N-Ethylaminomethylphosphonic acid (C3H10N1O3P1))"	"(Cu2+ (Cu)) + (N-Ethylaminomethylphosphonic acid (C3H10N1O3P1)) = (Cu2+ (Cu))(N-Ethylaminomethylphosphonic acid (C3H10N1O3P1))"	"7.72"	"7.72 (NIST-SRD46-verkn_ligand_metal_sic)"	"NIST SRD 46 raw SQL beta_definition_id=812 ligand_id=8379 ligand_name=N-Ethylaminomethylphosphonic acid metal_id=41 metal=Cu2+ literature_ids=0"	"I=0.1; uncertainty=0"
"(Cu2+ (Cu))(N-Ethylaminomethylphosphonic acid (C3H10N1O3P1))2"	"1 (Cu2+ (Cu)) + 2 (N-Ethylaminomethylphosphonic acid (C3H10N1O3P1)) = (Cu2+ (Cu))(N-Ethylaminomethylphosphonic acid (C3H10N1O3P1))2"	"13"	"13 (NIST-SRD46-verkn_ligand_metal_sic)"	"NIST SRD 46 raw SQL beta_definition_id=840 ligand_id=8379 ligand_name=N-Ethylaminomethylphosphonic acid metal_id=41 metal=Cu2+ literature_ids=0"	"I=0.1; uncertainty=0"
"(Cu2+ (Cu))(N-Methylaminomethylphosphonic acid (Sar-P) (C2H8N1O3P1))"	"1 (Cu2+ (Cu))(OH)(N-Methylaminomethylphosphonic acid (Sar-P) (C2H8N1O3P1)) + 1 H+ = (Cu2+ (Cu))(N-Methylaminomethylphosphonic acid (Sar-P) (C2H8N1O3P1))"	"8.2"	"8.2 (NIST-SRD46-verkn_ligand_metal_sic)"	"NIST SRD 46 raw SQL beta_definition_id=966 ligand_id=8378 ligand_name=N-Methylaminomethylphosphonic acid (Sar-P) metal_id=41 metal=Cu2+ literature_ids=0"	"I=0.1; uncertainty=0"
"(Cu2+ (Cu))(N-Methylaminomethylphosphonic acid (Sar-P) (C2H8N1O3P1))"	"1 (Cu2+ (Cu)) + 1 (N-Methylaminomethylphosphonic acid (Sar-P) (C2H8N1O3P1)) = (Cu2+ (Cu))(N-Methylaminomethylphosphonic acid (Sar-P) (C2H8N1O3P1))"	"8.29"	"8.29 (NIST-SRD46-verkn_ligand_metal_sic)"	"NIST SRD 46 raw SQL beta_definition_id=812 ligand_id=8378 ligand_name=N-Methylaminomethylphosphonic acid (Sar-P) metal_id=41 metal=Cu2+ literature_ids=0"	"I=0.1; uncertainty=0"
"(Cu2+ (Cu))(N-Methylaminomethylphosphonic acid (Sar-P) (C2H8N1O3P1))2"	"1 (Cu2+ (Cu)) + 2 (N-Methylaminomethylphosphonic acid (Sar-P) (C2H8N1O3P1)) = (Cu2+ (Cu))(N-Methylaminomethylphosphonic acid (Sar-P) (C2H8N1O3P1))2"	"14.59"	"14.59 (NIST-SRD46-verkn_ligand_metal_sic)"	"NIST SRD 46 raw SQL beta_definition_id=840 ligand_id=8378 ligand_name=N-Methylaminomethylphosphonic acid (Sar-P) metal_id=41 metal=Cu2+ literature_ids=0"	"I=0.1; uncertainty=0"
"(Cu2+ (Cu))H(2-Aminoethylaminomethylphosphonic acid (Ethylenediamine-N-methylenephosphonic acid) (EDMP) (C3H11N2O3P1))"	"1 (Cu2+ (Cu))(2-Aminoethylaminomethylphosphonic acid (Ethylenediamine-N-methylenephosphonic acid) (EDMP) (C3H11N2O3P1)) + 1 H+ = (Cu2+ (Cu))H(2-Aminoethylaminomethylphosphonic acid (Ethylenediamine-N-methylenephosphonic acid) (EDMP) (C3H11N2O3P1))"	"3.7"	"3.7 (NIST-SRD46-verkn_ligand_metal_sic)"	"NIST SRD 46 raw SQL beta_definition_id=788 ligand_id=8383 ligand_name=2-Aminoethylaminomethylphosphonic acid (Ethylenediamine-N-methylenephosphonic acid) (EDMP) metal_id=41 metal=Cu2+ literature_ids=0"	"I=0.1; uncertainty=0"
"(Cu2+ (Cu))H(Aminomethanoylaminomethylphosphonic acid (Gly-Gly-P) (C3H9N2O4P1))"	"1 (Cu2+ (Cu))(Aminomethanoylaminomethylphosphonic acid (Gly-Gly-P) (C3H9N2O4P1)) + 1 H+ = (Cu2+ (Cu))H(Aminomethanoylaminomethylphosphonic acid (Gly-Gly-P) (C3H9N2O4P1))"	"5.3"	"5.3 (NIST-SRD46-verkn_ligand_metal_sic)"	"NIST SRD 46 raw SQL beta_definition_id=788 ligand_id=8363 ligand_name=Aminomethanoylaminomethylphosphonic acid (Gly-Gly-P) metal_id=41 metal=Cu2+ literature_ids=0"	"I=0.1; uncertainty=+/-1"
"(Cu2+ (Cu))H(Aminomethylphosphonic acid (Gly-P) (C1H6N1O3P1))"	"1 (Cu2+ (Cu))(Aminomethylphosphonic acid (Gly-P) (C1H6N1O3P1)) + 1 H+ = (Cu2+ (Cu))H(Aminomethylphosphonic acid (Gly-P) (C1H6N1O3P1))"	"4.44"	"4.44 (NIST-SRD46-verkn_ligand_metal_sic)"	"NIST SRD 46 raw SQL beta_definition_id=788 ligand_id=8332 ligand_name=Aminomethylphosphonic acid (Gly-P) metal_id=41 metal=Cu2+ literature_ids=0"	"I=0.1; uncertainty=+20"
"(Cu2+ (Cu))H(L-2-Aminopropanoylaminomethylphosphonic acid (L-Ala-Gly-P) (C4H11N2O4P1))"	"1 (Cu2+ (Cu))(L-2-Aminopropanoylaminomethylphosphonic acid (L-Ala-Gly-P) (C4H11N2O4P1)) + 1 H+ = (Cu2+ (Cu))H(L-2-Aminopropanoylaminomethylphosphonic acid (L-Ala-Gly-P) (C4H11N2O4P1))"	"5.46"	"5.46 (NIST-SRD46-verkn_ligand_metal_sic)"	"NIST SRD 46 raw SQL beta_definition_id=788 ligand_id=8365 ligand_name=L-2-Aminopropanoylaminomethylphosphonic acid (L-Ala-Gly-P) metal_id=41 metal=Cu2+ literature_ids=0"	"I=0.1; uncertainty=0"
"(Cu2+ (Cu))H(N,N-Diethylaminomethylphosphonic acid (C5H14N1O3P1))"	"(Cu2+ (Cu)) + H(N,N-Diethylaminomethylphosphonic acid (C5H14N1O3P1)) = (Cu2+ (Cu))H(N,N-Diethylaminomethylphosphonic acid (C5H14N1O3P1))"	"2.31"	"2.31 (NIST-SRD46-verkn_ligand_metal_sic)"	"NIST SRD 46 raw SQL beta_definition_id=779 ligand_id=8394 ligand_name=N N-Diethylaminomethylphosphonic acid metal_id=41 metal=Cu2+ literature_ids=0"	"I=0.1; uncertainty=0"
"(Cu2+ (Cu))H(N,N-Dimethylaminomethylphosphonic acid (C3H10N1O3P1))"	"1 (Cu2+ (Cu))(N,N-Dimethylaminomethylphosphonic acid (C3H10N1O3P1)) + 1 H+ = (Cu2+ (Cu))H(N,N-Dimethylaminomethylphosphonic acid (C3H10N1O3P1))"	"5.41"	"5.41 (NIST-SRD46-verkn_ligand_metal_sic)"	"NIST SRD 46 raw SQL beta_definition_id=788 ligand_id=8393 ligand_name=N N-Dimethylaminomethylphosphonic acid metal_id=41 metal=Cu2+ literature_ids=0"	"I=0.1; uncertainty=+/-4"
"(Cu2+ (Cu))H(N-Ethylaminomethylphosphonic acid (C3H10N1O3P1))"	"1 (Cu2+ (Cu))(N-Ethylaminomethylphosphonic acid (C3H10N1O3P1)) + 1 H+ = (Cu2+ (Cu))H(N-Ethylaminomethylphosphonic acid (C3H10N1O3P1))"	"5.7"	"5.7 (NIST-SRD46-verkn_ligand_metal_sic)"	"NIST SRD 46 raw SQL beta_definition_id=788 ligand_id=8379 ligand_name=N-Ethylaminomethylphosphonic acid metal_id=41 metal=Cu2+ literature_ids=0"	"I=0.1; uncertainty=0"
"(Cu2+ (Cu))H(N-Methylaminomethylphosphonic acid (Sar-P) (C2H8N1O3P1))"	"1 (Cu2+ (Cu))(N-Methylaminomethylphosphonic acid (Sar-P) (C2H8N1O3P1)) + 1 H+ = (Cu2+ (Cu))H(N-Methylaminomethylphosphonic acid (Sar-P) (C2H8N1O3P1))"	"5.03"	"5.03 (NIST-SRD46-verkn_ligand_metal_sic)"	"NIST SRD 46 raw SQL beta_definition_id=788 ligand_id=8378 ligand_name=N-Methylaminomethylphosphonic acid (Sar-P) metal_id=41 metal=Cu2+ literature_ids=0"	"I=0.1; uncertainty=0"
"(Mg2+ (Mg))(Aminomethylphosphonic acid (Gly-P) (C1H6N1O3P1))"	"1 (Mg2+ (Mg)) + 1 (Aminomethylphosphonic acid (Gly-P) (C1H6N1O3P1)) = (Mg2+ (Mg))(Aminomethylphosphonic acid (Gly-P) (C1H6N1O3P1))"	"1.98"	"1.98 (NIST-SRD46-verkn_ligand_metal_sic)"	"NIST SRD 46 raw SQL beta_definition_id=812 ligand_id=8332 ligand_name=Aminomethylphosphonic acid (Gly-P) metal_id=92 metal=Mg2+ literature_ids=0"	"I=0.1; uncertainty=+/-5"
"(Mg2+ (Mg))(N,N-Dimethylaminomethylphosphonic acid (C3H10N1O3P1))"	"1 (Mg2+ (Mg)) + 1 (N,N-Dimethylaminomethylphosphonic acid (C3H10N1O3P1)) = (Mg2+ (Mg))(N,N-Dimethylaminomethylphosphonic acid (C3H10N1O3P1))"	"2"	"2 (NIST-SRD46-verkn_ligand_metal_sic)"	"NIST SRD 46 raw SQL beta_definition_id=812 ligand_id=8393 ligand_name=N N-Dimethylaminomethylphosphonic acid metal_id=92 metal=Mg2+ literature_ids=0"	"I=0.1; uncertainty=0"
"(Mg2+ (Mg))H(Aminomethylphosphonic acid (Gly-P) (C1H6N1O3P1))"	"1 (Mg2+ (Mg))(Aminomethylphosphonic acid (Gly-P) (C1H6N1O3P1)) + 1 H+ = (Mg2+ (Mg))H(Aminomethylphosphonic acid (Gly-P) (C1H6N1O3P1))"	"9.36"	"9.36 (NIST-SRD46-verkn_ligand_metal_sic)"	"NIST SRD 46 raw SQL beta_definition_id=788 ligand_id=8332 ligand_name=Aminomethylphosphonic acid (Gly-P) metal_id=92 metal=Mg2+ literature_ids=0"	"I=0.1; uncertainty=-1"
"(Mg2+ (Mg))H(N,N-Diethylaminomethylphosphonic acid (C5H14N1O3P1))"	"1 (Mg2+ (Mg)) + 1 H(N,N-Diethylaminomethylphosphonic acid (C5H14N1O3P1)) = (Mg2+ (Mg))H(N,N-Diethylaminomethylphosphonic acid (C5H14N1O3P1))"	"1.3"	"1.3 (NIST-SRD46-verkn_ligand_metal_sic)"	"NIST SRD 46 raw SQL beta_definition_id=779 ligand_id=8394 ligand_name=N N-Diethylaminomethylphosphonic acid metal_id=92 metal=Mg2+ literature_ids=0"	"I=1.0; uncertainty=0"
"(Mn2+ (Mn))(2-Aminoethylaminomethylphosphonic acid (Ethylenediamine-N-methylenephosphonic acid) (EDMP) (C3H11N2O3P1))"	"1 (Mn2+ (Mn)) + 1 (2-Aminoethylaminomethylphosphonic acid (Ethylenediamine-N-methylenephosphonic acid) (EDMP) (C3H11N2O3P1)) = (Mn2+ (Mn))(2-Aminoethylaminomethylphosphonic acid (Ethylenediamine-N-methylenephosphonic acid) (EDMP) (C3H11N2O3P1))"	"5.2"	"5.2 (NIST-SRD46-verkn_ligand_metal_sic)"	"NIST SRD 46 raw SQL beta_definition_id=812 ligand_id=8383 ligand_name=2-Aminoethylaminomethylphosphonic acid (Ethylenediamine-N-methylenephosphonic acid) (EDMP) metal_id=94 metal=Mn2+ literature_ids=0"	"I=0.1; uncertainty=0"
"(Mn2+ (Mn))(Aminomethylphosphonic acid (Gly-P) (C1H6N1O3P1))"	"1 (Mn2+ (Mn)) + 1 (Aminomethylphosphonic acid (Gly-P) (C1H6N1O3P1)) = (Mn2+ (Mn))(Aminomethylphosphonic acid (Gly-P) (C1H6N1O3P1))"	"3.62"	"3.62 (NIST-SRD46-verkn_ligand_metal_sic)"	"NIST SRD 46 raw SQL beta_definition_id=812 ligand_id=8332 ligand_name=Aminomethylphosphonic acid (Gly-P) metal_id=94 metal=Mn2+ literature_ids=0"	"I=0.1; uncertainty=0"
"(Mn2+ (Mn))(N,N-Bis(2-hydroxyethyl)aminomethylphosphonic acid (C5H14N1O5P1))"	"1 (Mn2+ (Mn)) + 1 (N,N-Bis(2-hydroxyethyl)aminomethylphosphonic acid (C5H14N1O5P1)) = (Mn2+ (Mn))(N,N-Bis(2-hydroxyethyl)aminomethylphosphonic acid (C5H14N1O5P1))"	"4.61"	"4.61 (NIST-SRD46-verkn_ligand_metal_sic)"	"NIST SRD 46 raw SQL beta_definition_id=812 ligand_id=8415 ligand_name=N N-Bis(2-hydroxyethyl)aminomethylphosphonic acid metal_id=94 metal=Mn2+ literature_ids=0"	"I=0.1; uncertainty=0"
"(Mn2+ (Mn))(N,N-Dimethylaminomethylphosphonic acid (C3H10N1O3P1))"	"1 (Mn2+ (Mn)) + 1 (N,N-Dimethylaminomethylphosphonic acid (C3H10N1O3P1)) = (Mn2+ (Mn))(N,N-Dimethylaminomethylphosphonic acid (C3H10N1O3P1))"	"4.22"	"4.22 (NIST-SRD46-verkn_ligand_metal_sic)"	"NIST SRD 46 raw SQL beta_definition_id=812 ligand_id=8393 ligand_name=N N-Dimethylaminomethylphosphonic acid metal_id=94 metal=Mn2+ literature_ids=0"	"I=0.1; uncertainty=0"
"(Mn2+ (Mn))H(2-Aminoethylaminomethylphosphonic acid (Ethylenediamine-N-methylenephosphonic acid) (EDMP) (C3H11N2O3P1))"	"1 (Mn2+ (Mn))(2-Aminoethylaminomethylphosphonic acid (Ethylenediamine-N-methylenephosphonic acid) (EDMP) (C3H11N2O3P1)) + 1 H+ = (Mn2+ (Mn))H(2-Aminoethylaminomethylphosphonic acid (Ethylenediamine-N-methylenephosphonic acid) (EDMP) (C3H11N2O3P1))"	"7.3"	"7.3 (NIST-SRD46-verkn_ligand_metal_sic)"	"NIST SRD 46 raw SQL beta_definition_id=788 ligand_id=8383 ligand_name=2-Aminoethylaminomethylphosphonic acid (Ethylenediamine-N-methylenephosphonic acid) (EDMP) metal_id=94 metal=Mn2+ literature_ids=0"	"I=0.1; uncertainty=0"
"(Mn2+ (Mn))H(Aminomethylphosphonic acid (Gly-P) (C1H6N1O3P1))"	"1 (Mn2+ (Mn))(Aminomethylphosphonic acid (Gly-P) (C1H6N1O3P1)) + 1 H+ = (Mn2+ (Mn))H(Aminomethylphosphonic acid (Gly-P) (C1H6N1O3P1))"	"8.23"	"8.23 (NIST-SRD46-verkn_ligand_metal_sic)"	"NIST SRD 46 raw SQL beta_definition_id=788 ligand_id=8332 ligand_name=Aminomethylphosphonic acid (Gly-P) metal_id=94 metal=Mn2+ literature_ids=0"	"I=0.1; uncertainty=0"
"(Mn2+ (Mn))H(N,N-Dimethylaminomethylphosphonic acid (C3H10N1O3P1))"	"1 (Mn2+ (Mn))(N,N-Dimethylaminomethylphosphonic acid (C3H10N1O3P1)) + 1 H+ = (Mn2+ (Mn))H(N,N-Dimethylaminomethylphosphonic acid (C3H10N1O3P1))"	"8.98"	"8.98 (NIST-SRD46-verkn_ligand_metal_sic)"	"NIST SRD 46 raw SQL beta_definition_id=788 ligand_id=8393 ligand_name=N N-Dimethylaminomethylphosphonic acid metal_id=94 metal=Mn2+ literature_ids=0"	"I=0.1; uncertainty=0"
"(Ni2+ (Ni))(2-Aminoethylaminomethylphosphonic acid (Ethylenediamine-N-methylenephosphonic acid) (EDMP) (C3H11N2O3P1))"	"1 (Ni2+ (Ni)) + 1 (2-Aminoethylaminomethylphosphonic acid (Ethylenediamine-N-methylenephosphonic acid) (EDMP) (C3H11N2O3P1)) = (Ni2+ (Ni))(2-Aminoethylaminomethylphosphonic acid (Ethylenediamine-N-methylenephosphonic acid) (EDMP) (C3H11N2O3P1))"	"9.6"	"9.6 (NIST-SRD46-verkn_ligand_metal_sic)"	"NIST SRD 46 raw SQL beta_definition_id=812 ligand_id=8383 ligand_name=2-Aminoethylaminomethylphosphonic acid (Ethylenediamine-N-methylenephosphonic acid) (EDMP) metal_id=112 metal=Ni2+ literature_ids=0"	"I=0.1; uncertainty=0"
"(Ni2+ (Ni))(2-Aminoethylaminomethylphosphonic acid (Ethylenediamine-N-methylenephosphonic acid) (EDMP) (C3H11N2O3P1))2"	"1 (Ni2+ (Ni)) + 2 (2-Aminoethylaminomethylphosphonic acid (Ethylenediamine-N-methylenephosphonic acid) (EDMP) (C3H11N2O3P1)) = (Ni2+ (Ni))(2-Aminoethylaminomethylphosphonic acid (Ethylenediamine-N-methylenephosphonic acid) (EDMP) (C3H11N2O3P1))2"	"16.3"	"16.3 (NIST-SRD46-verkn_ligand_metal_sic)"	"NIST SRD 46 raw SQL beta_definition_id=840 ligand_id=8383 ligand_name=2-Aminoethylaminomethylphosphonic acid (Ethylenediamine-N-methylenephosphonic acid) (EDMP) metal_id=112 metal=Ni2+ literature_ids=0"	"I=0.1; uncertainty=0"
"(Ni2+ (Ni))(Aminomethanoylaminomethylphosphonic acid (Gly-Gly-P) (C3H9N2O4P1))"	"1 (Ni2+ (Ni)) + 1 (Aminomethanoylaminomethylphosphonic acid (Gly-Gly-P) (C3H9N2O4P1)) = (Ni2+ (Ni))(Aminomethanoylaminomethylphosphonic acid (Gly-Gly-P) (C3H9N2O4P1))"	"4.65"	"4.65 (NIST-SRD46-verkn_ligand_metal_sic)"	"NIST SRD 46 raw SQL beta_definition_id=812 ligand_id=8363 ligand_name=Aminomethanoylaminomethylphosphonic acid (Gly-Gly-P) metal_id=112 metal=Ni2+ literature_ids=0"	"I=0.1; uncertainty=+/-3"
"(Ni2+ (Ni))(Aminomethanoylaminomethylphosphonic acid (Gly-Gly-P) (C3H9N2O4P1))"	"1 (Ni2+ (Ni))(OH)(Aminomethanoylaminomethylphosphonic acid (Gly-Gly-P) (C3H9N2O4P1)) + 1 H+ = (Ni2+ (Ni))(Aminomethanoylaminomethylphosphonic acid (Gly-Gly-P) (C3H9N2O4P1))"	"8.48"	"8.48 (NIST-SRD46-verkn_ligand_metal_sic)"	"NIST SRD 46 raw SQL beta_definition_id=966 ligand_id=8363 ligand_name=Aminomethanoylaminomethylphosphonic acid (Gly-Gly-P) metal_id=112 metal=Ni2+ literature_ids=0"	"I=0.1; uncertainty=0"
"(Ni2+ (Ni))(Aminomethanoylaminomethylphosphonic acid (Gly-Gly-P) (C3H9N2O4P1))2"	"1 (Ni2+ (Ni)) + 2 (Aminomethanoylaminomethylphosphonic acid (Gly-Gly-P) (C3H9N2O4P1)) = (Ni2+ (Ni))(Aminomethanoylaminomethylphosphonic acid (Gly-Gly-P) (C3H9N2O4P1))2"	"8.03"	"8.03 (NIST-SRD46-verkn_ligand_metal_sic)"	"NIST SRD 46 raw SQL beta_definition_id=840 ligand_id=8363 ligand_name=Aminomethanoylaminomethylphosphonic acid (Gly-Gly-P) metal_id=112 metal=Ni2+ literature_ids=0"	"I=0.1; uncertainty=0"
"(Ni2+ (Ni))(Aminomethanoylaminomethylphosphonic acid (Gly-Gly-P) (C3H9N2O4P1))2"	"1 (Ni2+ (Ni))(OH)(Aminomethanoylaminomethylphosphonic acid (Gly-Gly-P) (C3H9N2O4P1))2 + 1 H+ = (Ni2+ (Ni))(Aminomethanoylaminomethylphosphonic acid (Gly-Gly-P) (C3H9N2O4P1))2"	"8.94"	"8.94 (NIST-SRD46-verkn_ligand_metal_sic)"	"NIST SRD 46 raw SQL beta_definition_id=984 ligand_id=8363 ligand_name=Aminomethanoylaminomethylphosphonic acid (Gly-Gly-P) metal_id=112 metal=Ni2+ literature_ids=0"	"I=0.1; uncertainty=0"
"(Ni2+ (Ni))(Aminomethylphosphonic acid (Gly-P) (C1H6N1O3P1))"	"1 (Ni2+ (Ni)) + 1 (Aminomethylphosphonic acid (Gly-P) (C1H6N1O3P1)) = (Ni2+ (Ni))(Aminomethylphosphonic acid (Gly-P) (C1H6N1O3P1))"	"4.94"	"4.94 (NIST-SRD46-verkn_ligand_metal_sic)"	"NIST SRD 46 raw SQL beta_definition_id=812 ligand_id=8332 ligand_name=Aminomethylphosphonic acid (Gly-P) metal_id=112 metal=Ni2+ literature_ids=0"	"I=0.5; uncertainty=0"
"(Ni2+ (Ni))(Aminomethylphosphonic acid (Gly-P) (C1H6N1O3P1))"	"1 (Ni2+ (Ni)) + 1 (Aminomethylphosphonic acid (Gly-P) (C1H6N1O3P1)) = (Ni2+ (Ni))(Aminomethylphosphonic acid (Gly-P) (C1H6N1O3P1))"	"5.3"	"5.3 (NIST-SRD46-verkn_ligand_metal_sic)"	"NIST SRD 46 raw SQL beta_definition_id=812 ligand_id=8332 ligand_name=Aminomethylphosphonic acid (Gly-P) metal_id=112 metal=Ni2+ literature_ids=0"	"I=0.1; uncertainty=-1"
"(Ni2+ (Ni))(Aminomethylphosphonic acid (Gly-P) (C1H6N1O3P1))2"	"1 (Ni2+ (Ni)) + 2 (Aminomethylphosphonic acid (Gly-P) (C1H6N1O3P1)) = (Ni2+ (Ni))(Aminomethylphosphonic acid (Gly-P) (C1H6N1O3P1))2"	"8.5"	"8.5 (NIST-SRD46-verkn_ligand_metal_sic)"	"NIST SRD 46 raw SQL beta_definition_id=840 ligand_id=8332 ligand_name=Aminomethylphosphonic acid (Gly-P) metal_id=112 metal=Ni2+ literature_ids=0"	"I=0.5; uncertainty=0"
"(Ni2+ (Ni))(Aminomethylphosphonic acid (Gly-P) (C1H6N1O3P1))2"	"1 (Ni2+ (Ni)) + 2 (Aminomethylphosphonic acid (Gly-P) (C1H6N1O3P1)) = (Ni2+ (Ni))(Aminomethylphosphonic acid (Gly-P) (C1H6N1O3P1))2"	"8.98"	"8.98 (NIST-SRD46-verkn_ligand_metal_sic)"	"NIST SRD 46 raw SQL beta_definition_id=840 ligand_id=8332 ligand_name=Aminomethylphosphonic acid (Gly-P) metal_id=112 metal=Ni2+ literature_ids=0"	"I=0.1; uncertainty=0"
"(Ni2+ (Ni))(H(Aminomethylphosphonic acid (Gly-P) (C1H6N1O3P1)))2"	"1 (Ni2+ (Ni))H(Aminomethylphosphonic acid (Gly-P) (C1H6N1O3P1))2 + 1 H+ = (Ni2+ (Ni))(H(Aminomethylphosphonic acid (Gly-P) (C1H6N1O3P1)))2"	"6.2"	"6.2 (NIST-SRD46-verkn_ligand_metal_sic)"	"NIST SRD 46 raw SQL beta_definition_id=204 ligand_id=8332 ligand_name=Aminomethylphosphonic acid (Gly-P) metal_id=112 metal=Ni2+ literature_ids=0"	"I=0.1; uncertainty=0"
"(Ni2+ (Ni))(L-2-Aminopropanoylaminomethylphosphonic acid (L-Ala-Gly-P) (C4H11N2O4P1))"	"1 (Ni2+ (Ni)) + 1 (L-2-Aminopropanoylaminomethylphosphonic acid (L-Ala-Gly-P) (C4H11N2O4P1)) = (Ni2+ (Ni))(L-2-Aminopropanoylaminomethylphosphonic acid (L-Ala-Gly-P) (C4H11N2O4P1))"	"3.94"	"3.94 (NIST-SRD46-verkn_ligand_metal_sic)"	"NIST SRD 46 raw SQL beta_definition_id=812 ligand_id=8365 ligand_name=L-2-Aminopropanoylaminomethylphosphonic acid (L-Ala-Gly-P) metal_id=112 metal=Ni2+ literature_ids=0"	"I=0.1; uncertainty=0"
"(Ni2+ (Ni))(L-2-Aminopropanoylaminomethylphosphonic acid (L-Ala-Gly-P) (C4H11N2O4P1))"	"1 (Ni2+ (Ni))(OH)(L-2-Aminopropanoylaminomethylphosphonic acid (L-Ala-Gly-P) (C4H11N2O4P1)) + 1 H+ = (Ni2+ (Ni))(L-2-Aminopropanoylaminomethylphosphonic acid (L-Ala-Gly-P) (C4H11N2O4P1))"	"8.63"	"8.63 (NIST-SRD46-verkn_ligand_metal_sic)"	"NIST SRD 46 raw SQL beta_definition_id=966 ligand_id=8365 ligand_name=L-2-Aminopropanoylaminomethylphosphonic acid (L-Ala-Gly-P) metal_id=112 metal=Ni2+ literature_ids=0"	"I=0.1; uncertainty=0"
"(Ni2+ (Ni))(L-2-Aminopropanoylaminomethylphosphonic acid (L-Ala-Gly-P) (C4H11N2O4P1))2"	"(Ni2+ (Ni)) + 2 (L-2-Aminopropanoylaminomethylphosphonic acid (L-Ala-Gly-P) (C4H11N2O4P1)) = (Ni2+ (Ni))(L-2-Aminopropanoylaminomethylphosphonic acid (L-Ala-Gly-P) (C4H11N2O4P1))2"	"6.89"	"6.89 (NIST-SRD46-verkn_ligand_metal_sic)"	"NIST SRD 46 raw SQL beta_definition_id=840 ligand_id=8365 ligand_name=L-2-Aminopropanoylaminomethylphosphonic acid (L-Ala-Gly-P) metal_id=112 metal=Ni2+ literature_ids=0"	"I=0.1; uncertainty=0"
"(Ni2+ (Ni))(N,N-Dimethylaminomethylphosphonic acid (C3H10N1O3P1))"	"1 (Ni2+ (Ni)) + 1 (N,N-Dimethylaminomethylphosphonic acid (C3H10N1O3P1)) = (Ni2+ (Ni))(N,N-Dimethylaminomethylphosphonic acid (C3H10N1O3P1))"	"5.07"	"5.07 (NIST-SRD46-verkn_ligand_metal_sic)"	"NIST SRD 46 raw SQL beta_definition_id=812 ligand_id=8393 ligand_name=N N-Dimethylaminomethylphosphonic acid metal_id=112 metal=Ni2+ literature_ids=0"	"I=0.1; uncertainty=0"
"(Ni2+ (Ni))H(2-Aminoethylaminomethylphosphonic acid (Ethylenediamine-N-methylenephosphonic acid) (EDMP) (C3H11N2O3P1))"	"1 (Ni2+ (Ni))(2-Aminoethylaminomethylphosphonic acid (Ethylenediamine-N-methylenephosphonic acid) (EDMP) (C3H11N2O3P1)) + 1 H+ = (Ni2+ (Ni))H(2-Aminoethylaminomethylphosphonic acid (Ethylenediamine-N-methylenephosphonic acid) (EDMP) (C3H11N2O3P1))"	"5"	"5 (NIST-SRD46-verkn_ligand_metal_sic)"	"NIST SRD 46 raw SQL beta_definition_id=788 ligand_id=8383 ligand_name=2-Aminoethylaminomethylphosphonic acid (Ethylenediamine-N-methylenephosphonic acid) (EDMP) metal_id=112 metal=Ni2+ literature_ids=0"	"I=0.1; uncertainty=0"
"(Ni2+ (Ni))H(Aminomethanoylaminomethylphosphonic acid (Gly-Gly-P) (C3H9N2O4P1))"	"1 (Ni2+ (Ni))(Aminomethanoylaminomethylphosphonic acid (Gly-Gly-P) (C3H9N2O4P1)) + 1 H+ = (Ni2+ (Ni))H(Aminomethanoylaminomethylphosphonic acid (Gly-Gly-P) (C3H9N2O4P1))"	"5.79"	"5.79 (NIST-SRD46-verkn_ligand_metal_sic)"	"NIST SRD 46 raw SQL beta_definition_id=788 ligand_id=8363 ligand_name=Aminomethanoylaminomethylphosphonic acid (Gly-Gly-P) metal_id=112 metal=Ni2+ literature_ids=0"	"I=0.1; uncertainty=+/-0"
"(Ni2+ (Ni))H(Aminomethylphosphonic acid (Gly-P) (C1H6N1O3P1))"	"1 (Ni2+ (Ni))(Aminomethylphosphonic acid (Gly-P) (C1H6N1O3P1)) + 1 H+ = (Ni2+ (Ni))H(Aminomethylphosphonic acid (Gly-P) (C1H6N1O3P1))"	"6.32"	"6.32 (NIST-SRD46-verkn_ligand_metal_sic)"	"NIST SRD 46 raw SQL beta_definition_id=788 ligand_id=8332 ligand_name=Aminomethylphosphonic acid (Gly-P) metal_id=112 metal=Ni2+ literature_ids=0"	"I=0.1; uncertainty=+/-8"
"(Ni2+ (Ni))H(L-2-Aminopropanoylaminomethylphosphonic acid (L-Ala-Gly-P) (C4H11N2O4P1))"	"1 (Ni2+ (Ni))(L-2-Aminopropanoylaminomethylphosphonic acid (L-Ala-Gly-P) (C4H11N2O4P1)) + 1 H+ = (Ni2+ (Ni))H(L-2-Aminopropanoylaminomethylphosphonic acid (L-Ala-Gly-P) (C4H11N2O4P1))"	"5.86"	"5.86 (NIST-SRD46-verkn_ligand_metal_sic)"	"NIST SRD 46 raw SQL beta_definition_id=788 ligand_id=8365 ligand_name=L-2-Aminopropanoylaminomethylphosphonic acid (L-Ala-Gly-P) metal_id=112 metal=Ni2+ literature_ids=0"	"I=0.1; uncertainty=0"
"(Ni2+ (Ni))H(N,N-Dimethylaminomethylphosphonic acid (C3H10N1O3P1))"	"(Ni2+ (Ni))(N,N-Dimethylaminomethylphosphonic acid (C3H10N1O3P1)) + H+ = (Ni2+ (Ni))H(N,N-Dimethylaminomethylphosphonic acid (C3H10N1O3P1))"	"8.01"	"8.01 (NIST-SRD46-verkn_ligand_metal_sic)"	"NIST SRD 46 raw SQL beta_definition_id=788 ligand_id=8393 ligand_name=N N-Dimethylaminomethylphosphonic acid metal_id=112 metal=Ni2+ literature_ids=0"	"I=0.1; uncertainty=0"
"(Pd2+ (Pd))(Aminomethanoylaminomethylphosphonic acid (Gly-Gly-P) (C3H9N2O4P1))2"	"1 (Pd2+ (Pd))(OH)2(Aminomethanoylaminomethylphosphonic acid (Gly-Gly-P) (C3H9N2O4P1))2 + 2 H+ = (Pd2+ (Pd))(Aminomethanoylaminomethylphosphonic acid (Gly-Gly-P) (C3H9N2O4P1))2"	"15.28"	"15.28 (NIST-SRD46-verkn_ligand_metal_sic)"	"NIST SRD 46 raw SQL beta_definition_id=864 ligand_id=8363 ligand_name=Aminomethanoylaminomethylphosphonic acid (Gly-Gly-P) metal_id=127 metal=Pd2+ literature_ids=0"	"I=0.1; uncertainty=0"
"(Pd2+ (Pd))(Aminomethanoylaminomethylphosphonic acid (Gly-Gly-P) (C3H9N2O4P1))2"	"1 (Pd2+ (Pd)) + 2 (Aminomethanoylaminomethylphosphonic acid (Gly-Gly-P) (C3H9N2O4P1)) = (Pd2+ (Pd))(Aminomethanoylaminomethylphosphonic acid (Gly-Gly-P) (C3H9N2O4P1))2"	"26.27"	"26.27 (NIST-SRD46-verkn_ligand_metal_sic)"	"NIST SRD 46 raw SQL beta_definition_id=840 ligand_id=8363 ligand_name=Aminomethanoylaminomethylphosphonic acid (Gly-Gly-P) metal_id=127 metal=Pd2+ literature_ids=0"	"I=0.1; uncertainty=0"
"(Pd2+ (Pd))(Aminomethylphosphonic acid (Gly-P) (C1H6N1O3P1))2"	"1 (Pd2+ (Pd)) + 2 (Aminomethylphosphonic acid (Gly-P) (C1H6N1O3P1)) = (Pd2+ (Pd))(Aminomethylphosphonic acid (Gly-P) (C1H6N1O3P1))2"	"27.51"	"27.51 (NIST-SRD46-verkn_ligand_metal_sic)"	"NIST SRD 46 raw SQL beta_definition_id=840 ligand_id=8332 ligand_name=Aminomethylphosphonic acid (Gly-P) metal_id=127 metal=Pd2+ literature_ids=0"	"I=0.1; uncertainty=0"
"(Pd2+ (Pd))(H-2(Aminomethylphosphonic acid (Gly-P) (C1H6N1O3P1))) + 2H+"	"1 (Pd2+ (Pd)) + 1 (Aminomethylphosphonic acid (Gly-P) (C1H6N1O3P1)) = (Pd2+ (Pd))(H-2(Aminomethylphosphonic acid (Gly-P) (C1H6N1O3P1))) + 2H+"	"4.73"	"4.73 (NIST-SRD46-verkn_ligand_metal_sic)"	"NIST SRD 46 raw SQL beta_definition_id=152 ligand_id=8332 ligand_name=Aminomethylphosphonic acid (Gly-P) metal_id=127 metal=Pd2+ literature_ids=0"	"I=0.1; uncertainty=0"
"(Pd2+ (Pd))(OH)2(Aminomethanoylaminomethylphosphonic acid (Gly-Gly-P) (C3H9N2O4P1))"	"1 (Pd2+ (Pd))(OH)3(Aminomethanoylaminomethylphosphonic acid (Gly-Gly-P) (C3H9N2O4P1)) + 1 H+ = (Pd2+ (Pd))(OH)2(Aminomethanoylaminomethylphosphonic acid (Gly-Gly-P) (C3H9N2O4P1))"	"10.18"	"10.18 (NIST-SRD46-verkn_ligand_metal_sic)"	"NIST SRD 46 raw SQL beta_definition_id=244 ligand_id=8363 ligand_name=Aminomethanoylaminomethylphosphonic acid (Gly-Gly-P) metal_id=127 metal=Pd2+ literature_ids=0"	"I=0.1; uncertainty=0"
"(Pd2+ (Pd))(OH)2(Aminomethanoylaminomethylphosphonic acid (Gly-Gly-P) (C3H9N2O4P1)) + 2H+"	"1 (Pd2+ (Pd)) + 1 (Aminomethanoylaminomethylphosphonic acid (Gly-Gly-P) (C3H9N2O4P1)) = (Pd2+ (Pd))(OH)2(Aminomethanoylaminomethylphosphonic acid (Gly-Gly-P) (C3H9N2O4P1)) + 2H+"	"8.67"	"8.67 (NIST-SRD46-verkn_ligand_metal_sic)"	"NIST SRD 46 raw SQL beta_definition_id=239 ligand_id=8363 ligand_name=Aminomethanoylaminomethylphosphonic acid (Gly-Gly-P) metal_id=127 metal=Pd2+ literature_ids=0"	"I=0.1; uncertainty=0"
"(Pt2+ (Pt))(Aminomethanoylaminomethylphosphonic acid (Gly-Gly-P) (C3H9N2O4P1))2"	"1 (Pt2+ (Pt))(OH)2(Aminomethanoylaminomethylphosphonic acid (Gly-Gly-P) (C3H9N2O4P1))2 + 2 H+ = (Pt2+ (Pt))(Aminomethanoylaminomethylphosphonic acid (Gly-Gly-P) (C3H9N2O4P1))2"	"16.8"	"16.8 (NIST-SRD46-verkn_ligand_metal_sic)"	"NIST SRD 46 raw SQL beta_definition_id=864 ligand_id=8363 ligand_name=Aminomethanoylaminomethylphosphonic acid (Gly-Gly-P) metal_id=146 metal=Pt2+ literature_ids=0"	"I=0.1; uncertainty=0"
"(Pt2+ (Pt))(Aminomethanoylaminomethylphosphonic acid (Gly-Gly-P) (C3H9N2O4P1))2"	"1 (Pt2+ (Pt)) + 2 (Aminomethanoylaminomethylphosphonic acid (Gly-Gly-P) (C3H9N2O4P1)) = (Pt2+ (Pt))(Aminomethanoylaminomethylphosphonic acid (Gly-Gly-P) (C3H9N2O4P1))2"	"20.4"	"20.4 (NIST-SRD46-verkn_ligand_metal_sic)"	"NIST SRD 46 raw SQL beta_definition_id=840 ligand_id=8363 ligand_name=Aminomethanoylaminomethylphosphonic acid (Gly-Gly-P) metal_id=146 metal=Pt2+ literature_ids=0"	"I=0.1; uncertainty=0"
"(Pt2+ (Pt))(Aminomethylphosphonic acid (Gly-P) (C1H6N1O3P1))2"	"1 (Pt2+ (Pt)) + 2 (Aminomethylphosphonic acid (Gly-P) (C1H6N1O3P1)) = (Pt2+ (Pt))(Aminomethylphosphonic acid (Gly-P) (C1H6N1O3P1))2"	"21.62"	"21.62 (NIST-SRD46-verkn_ligand_metal_sic)"	"NIST SRD 46 raw SQL beta_definition_id=840 ligand_id=8332 ligand_name=Aminomethylphosphonic acid (Gly-P) metal_id=146 metal=Pt2+ literature_ids=0"	"I=0.1; uncertainty=0"
"(Pt2+ (Pt))(H-2(Aminomethylphosphonic acid (Gly-P) (C1H6N1O3P1))) + 2H+"	"1 (Pt2+ (Pt)) + 1 (Aminomethylphosphonic acid (Gly-P) (C1H6N1O3P1)) = (Pt2+ (Pt))(H-2(Aminomethylphosphonic acid (Gly-P) (C1H6N1O3P1))) + 2H+"	"-0.08"	"-0.08 (NIST-SRD46-verkn_ligand_metal_sic)"	"NIST SRD 46 raw SQL beta_definition_id=152 ligand_id=8332 ligand_name=Aminomethylphosphonic acid (Gly-P) metal_id=146 metal=Pt2+ literature_ids=0"	"I=0.1; uncertainty=0"
"(Pt2+ (Pt))(OH)2(Aminomethanoylaminomethylphosphonic acid (Gly-Gly-P) (C3H9N2O4P1))"	"1 (Pt2+ (Pt))(OH)3(Aminomethanoylaminomethylphosphonic acid (Gly-Gly-P) (C3H9N2O4P1)) + 1 H+ = (Pt2+ (Pt))(OH)2(Aminomethanoylaminomethylphosphonic acid (Gly-Gly-P) (C3H9N2O4P1))"	"9.47"	"9.47 (NIST-SRD46-verkn_ligand_metal_sic)"	"NIST SRD 46 raw SQL beta_definition_id=244 ligand_id=8363 ligand_name=Aminomethanoylaminomethylphosphonic acid (Gly-Gly-P) metal_id=146 metal=Pt2+ literature_ids=0"	"I=0.1; uncertainty=0"
"(Pt2+ (Pt))(OH)2(Aminomethanoylaminomethylphosphonic acid (Gly-Gly-P) (C3H9N2O4P1)) + 2H+"	"1 (Pt2+ (Pt)) + 1 (Aminomethanoylaminomethylphosphonic acid (Gly-Gly-P) (C3H9N2O4P1)) = (Pt2+ (Pt))(OH)2(Aminomethanoylaminomethylphosphonic acid (Gly-Gly-P) (C3H9N2O4P1)) + 2H+"	"1.88"	"1.88 (NIST-SRD46-verkn_ligand_metal_sic)"	"NIST SRD 46 raw SQL beta_definition_id=239 ligand_id=8363 ligand_name=Aminomethanoylaminomethylphosphonic acid (Gly-Gly-P) metal_id=146 metal=Pt2+ literature_ids=0"	"I=0.1; uncertainty=0"
"(Sr2+ (Sr))(Aminomethylphosphonic acid (Gly-P) (C1H6N1O3P1))"	"1 (Sr2+ (Sr)) + 1 (Aminomethylphosphonic acid (Gly-P) (C1H6N1O3P1)) = (Sr2+ (Sr))(Aminomethylphosphonic acid (Gly-P) (C1H6N1O3P1))"	"1.34"	"1.34 (NIST-SRD46-verkn_ligand_metal_sic)"	"NIST SRD 46 raw SQL beta_definition_id=812 ligand_id=8332 ligand_name=Aminomethylphosphonic acid (Gly-P) metal_id=177 metal=Sr2+ literature_ids=0"	"I=0.1; uncertainty=0"
"(Sr2+ (Sr))(N,N-Dimethylaminomethylphosphonic acid (C3H10N1O3P1))"	"1 (Sr2+ (Sr)) + 1 (N,N-Dimethylaminomethylphosphonic acid (C3H10N1O3P1)) = (Sr2+ (Sr))(N,N-Dimethylaminomethylphosphonic acid (C3H10N1O3P1))"	"1.5"	"1.5 (NIST-SRD46-verkn_ligand_metal_sic)"	"NIST SRD 46 raw SQL beta_definition_id=812 ligand_id=8393 ligand_name=N N-Dimethylaminomethylphosphonic acid metal_id=177 metal=Sr2+ literature_ids=0"	"I=0.1; uncertainty=0"
"(Sr2+ (Sr))H(Aminomethylphosphonic acid (Gly-P) (C1H6N1O3P1))"	"1 (Sr2+ (Sr))(Aminomethylphosphonic acid (Gly-P) (C1H6N1O3P1)) + 1 H+ = (Sr2+ (Sr))H(Aminomethylphosphonic acid (Gly-P) (C1H6N1O3P1))"	"9.53"	"9.53 (NIST-SRD46-verkn_ligand_metal_sic)"	"NIST SRD 46 raw SQL beta_definition_id=788 ligand_id=8332 ligand_name=Aminomethylphosphonic acid (Gly-P) metal_id=177 metal=Sr2+ literature_ids=0"	"I=0.1; uncertainty=0"
"(Zn2+ (Zn))(Aminomethanoylaminomethylphosphonic acid (Gly-Gly-P) (C3H9N2O4P1))"	"1 (Zn2+ (Zn)) + 1 (Aminomethanoylaminomethylphosphonic acid (Gly-Gly-P) (C3H9N2O4P1)) = (Zn2+ (Zn))(Aminomethanoylaminomethylphosphonic acid (Gly-Gly-P) (C3H9N2O4P1))"	"4.25"	"4.25 (NIST-SRD46-verkn_ligand_metal_sic)"	"NIST SRD 46 raw SQL beta_definition_id=812 ligand_id=8363 ligand_name=Aminomethanoylaminomethylphosphonic acid (Gly-Gly-P) metal_id=208 metal=Zn2+ literature_ids=0"	"I=0.1; uncertainty=0"
"(Zn2+ (Zn))(Aminomethylphosphonic acid (Gly-P) (C1H6N1O3P1))"	"1 (Zn2+ (Zn)) + 1 (Aminomethylphosphonic acid (Gly-P) (C1H6N1O3P1)) = (Zn2+ (Zn))(Aminomethylphosphonic acid (Gly-P) (C1H6N1O3P1))"	"4.95"	"4.95 (NIST-SRD46-verkn_ligand_metal_sic)"	"NIST SRD 46 raw SQL beta_definition_id=812 ligand_id=8332 ligand_name=Aminomethylphosphonic acid (Gly-P) metal_id=208 metal=Zn2+ literature_ids=0"	"I=0.1; uncertainty=+/-5"
"(Zn2+ (Zn))(Aminomethylphosphonic acid (Gly-P) (C1H6N1O3P1))"	"1 (Zn2+ (Zn))(OH)(Aminomethylphosphonic acid (Gly-P) (C1H6N1O3P1)) + 1 H+ = (Zn2+ (Zn))(Aminomethylphosphonic acid (Gly-P) (C1H6N1O3P1))"	"6.9"	"6.9 (NIST-SRD46-verkn_ligand_metal_sic)"	"NIST SRD 46 raw SQL beta_definition_id=966 ligand_id=8332 ligand_name=Aminomethylphosphonic acid (Gly-P) metal_id=208 metal=Zn2+ literature_ids=0"	"I=0.1; uncertainty=0"
"(Zn2+ (Zn))(H(Aminomethylphosphonic acid (Gly-P) (C1H6N1O3P1)))2"	"1 (Zn2+ (Zn)) + 2 H(Aminomethylphosphonic acid (Gly-P) (C1H6N1O3P1)) = (Zn2+ (Zn))(H(Aminomethylphosphonic acid (Gly-P) (C1H6N1O3P1)))2"	"3.5"	"3.5 (NIST-SRD46-verkn_ligand_metal_sic)"	"NIST SRD 46 raw SQL beta_definition_id=194 ligand_id=8332 ligand_name=Aminomethylphosphonic acid (Gly-P) metal_id=208 metal=Zn2+ literature_ids=0"	"I=0.1; uncertainty=0"
"(Zn2+ (Zn))(L-2-Aminopropanoylaminomethylphosphonic acid (L-Ala-Gly-P) (C4H11N2O4P1))"	"1 (Zn2+ (Zn)) + 1 (L-2-Aminopropanoylaminomethylphosphonic acid (L-Ala-Gly-P) (C4H11N2O4P1)) = (Zn2+ (Zn))(L-2-Aminopropanoylaminomethylphosphonic acid (L-Ala-Gly-P) (C4H11N2O4P1))"	"3.82"	"3.82 (NIST-SRD46-verkn_ligand_metal_sic)"	"NIST SRD 46 raw SQL beta_definition_id=812 ligand_id=8365 ligand_name=L-2-Aminopropanoylaminomethylphosphonic acid (L-Ala-Gly-P) metal_id=208 metal=Zn2+ literature_ids=0"	"I=0.1; uncertainty=0"
"(Zn2+ (Zn))(L-2-Aminopropanoylaminomethylphosphonic acid (L-Ala-Gly-P) (C4H11N2O4P1))"	"(Zn2+ (Zn))(OH)(L-2-Aminopropanoylaminomethylphosphonic acid (L-Ala-Gly-P) (C4H11N2O4P1)) + H+ = (Zn2+ (Zn))(L-2-Aminopropanoylaminomethylphosphonic acid (L-Ala-Gly-P) (C4H11N2O4P1))"	"7.61"	"7.61 (NIST-SRD46-verkn_ligand_metal_sic)"	"NIST SRD 46 raw SQL beta_definition_id=966 ligand_id=8365 ligand_name=L-2-Aminopropanoylaminomethylphosphonic acid (L-Ala-Gly-P) metal_id=208 metal=Zn2+ literature_ids=0"	"I=0.1; uncertainty=0"
"(Zn2+ (Zn))(N,N-Bis(2-hydroxyethyl)aminomethylphosphonic acid (C5H14N1O5P1))"	"1 (Zn2+ (Zn)) + 1 (N,N-Bis(2-hydroxyethyl)aminomethylphosphonic acid (C5H14N1O5P1)) = (Zn2+ (Zn))(N,N-Bis(2-hydroxyethyl)aminomethylphosphonic acid (C5H14N1O5P1))"	"6.33"	"6.33 (NIST-SRD46-verkn_ligand_metal_sic)"	"NIST SRD 46 raw SQL beta_definition_id=812 ligand_id=8415 ligand_name=N N-Bis(2-hydroxyethyl)aminomethylphosphonic acid metal_id=208 metal=Zn2+ literature_ids=0"	"I=0.1; uncertainty=0"
"(Zn2+ (Zn))(N,N-Dimethylaminomethylphosphonic acid (C3H10N1O3P1))"	"1 (Zn2+ (Zn)) + 1 (N,N-Dimethylaminomethylphosphonic acid (C3H10N1O3P1)) = (Zn2+ (Zn))(N,N-Dimethylaminomethylphosphonic acid (C3H10N1O3P1))"	"5.45"	"5.45 (NIST-SRD46-verkn_ligand_metal_sic)"	"NIST SRD 46 raw SQL beta_definition_id=812 ligand_id=8393 ligand_name=N N-Dimethylaminomethylphosphonic acid metal_id=208 metal=Zn2+ literature_ids=0"	"I=0.1; uncertainty=0"
"(Zn2+ (Zn))H(Aminomethanoylaminomethylphosphonic acid (Gly-Gly-P) (C3H9N2O4P1))"	"1 (Zn2+ (Zn))(Aminomethanoylaminomethylphosphonic acid (Gly-Gly-P) (C3H9N2O4P1)) + 1 H+ = (Zn2+ (Zn))H(Aminomethanoylaminomethylphosphonic acid (Gly-Gly-P) (C3H9N2O4P1))"	"5.87"	"5.87 (NIST-SRD46-verkn_ligand_metal_sic)"	"NIST SRD 46 raw SQL beta_definition_id=788 ligand_id=8363 ligand_name=Aminomethanoylaminomethylphosphonic acid (Gly-Gly-P) metal_id=208 metal=Zn2+ literature_ids=0"	"I=0.1; uncertainty=0"
"(Zn2+ (Zn))H(Aminomethylphosphonic acid (Gly-P) (C1H6N1O3P1))"	"1 (Zn2+ (Zn))(Aminomethylphosphonic acid (Gly-P) (C1H6N1O3P1)) + 1 H+ = (Zn2+ (Zn))H(Aminomethylphosphonic acid (Gly-P) (C1H6N1O3P1))"	"6.8"	"6.8 (NIST-SRD46-verkn_ligand_metal_sic)"	"NIST SRD 46 raw SQL beta_definition_id=788 ligand_id=8332 ligand_name=Aminomethylphosphonic acid (Gly-P) metal_id=208 metal=Zn2+ literature_ids=0"	"I=0.1; uncertainty=+/-9"
"(Zn2+ (Zn))H(N,N-Dimethylaminomethylphosphonic acid (C3H10N1O3P1))"	"(Zn2+ (Zn))(N,N-Dimethylaminomethylphosphonic acid (C3H10N1O3P1)) + H+ = (Zn2+ (Zn))H(N,N-Dimethylaminomethylphosphonic acid (C3H10N1O3P1))"	"7.46"	"7.46 (NIST-SRD46-verkn_ligand_metal_sic)"	"NIST SRD 46 raw SQL beta_definition_id=788 ligand_id=8393 ligand_name=N N-Dimethylaminomethylphosphonic acid metal_id=208 metal=Zn2+ literature_ids=0"	"I=0.1; uncertainty=0"
"H(2-Aminoethylaminomethylphosphonic acid (Ethylenediamine-N-methylenephosphonic acid) (EDMP) (C3H11N2O3P1))"	"1 (2-Aminoethylaminomethylphosphonic acid (Ethylenediamine-N-methylenephosphonic acid) (EDMP) (C3H11N2O3P1)) + 1 H+ = H(2-Aminoethylaminomethylphosphonic acid (Ethylenediamine-N-methylenephosphonic acid) (EDMP) (C3H11N2O3P1))"	"10.3"	"10.3 (NIST-SRD46-verkn_ligand_metal_sic)"	"NIST SRD 46 raw SQL beta_definition_id=79 ligand_id=8383 ligand_name=2-Aminoethylaminomethylphosphonic acid (Ethylenediamine-N-methylenephosphonic acid) (EDMP) metal_id=68 metal=H+ literature_ids=0"	"I=0.1; uncertainty=0"
"H(Aminomethanoylaminomethylphosphonic acid (Gly-Gly-P) (C3H9N2O4P1))"	"(Aminomethanoylaminomethylphosphonic acid (Gly-Gly-P) (C3H9N2O4P1)) + H+ = H(Aminomethanoylaminomethylphosphonic acid (Gly-Gly-P) (C3H9N2O4P1))"	"8.26"	"8.26 (NIST-SRD46-verkn_ligand_metal_sic)"	"NIST SRD 46 raw SQL beta_definition_id=79 ligand_id=8363 ligand_name=Aminomethanoylaminomethylphosphonic acid (Gly-Gly-P) metal_id=68 metal=H+ literature_ids=0"	"I=0.1; uncertainty=+/-8"
"H(Aminomethylphosphonic acid (Gly-P) (C1H6N1O3P1))"	"1 (Aminomethylphosphonic acid (Gly-P) (C1H6N1O3P1)) + 1 H+ = H(Aminomethylphosphonic acid (Gly-P) (C1H6N1O3P1))"	"9.97"	"9.97 (NIST-SRD46-verkn_ligand_metal_sic)"	"NIST SRD 46 raw SQL beta_definition_id=79 ligand_id=8332 ligand_name=Aminomethylphosphonic acid (Gly-P) metal_id=68 metal=H+ literature_ids=0"	"I=0.5; uncertainty=0"
"H(Aminomethylphosphonic acid (Gly-P) (C1H6N1O3P1))"	"1 (Aminomethylphosphonic acid (Gly-P) (C1H6N1O3P1)) + 1 H+ = H(Aminomethylphosphonic acid (Gly-P) (C1H6N1O3P1))"	"10.05"	"10.05 (NIST-SRD46-verkn_ligand_metal_sic)"	"NIST SRD 46 raw SQL beta_definition_id=79 ligand_id=8332 ligand_name=Aminomethylphosphonic acid (Gly-P) metal_id=68 metal=H+ literature_ids=0"	"I=0.1; uncertainty=+/-3"
"H(L-2-Aminopropanoylaminomethylphosphonic acid (L-Ala-Gly-P) (C4H11N2O4P1))"	"1 (L-2-Aminopropanoylaminomethylphosphonic acid (L-Ala-Gly-P) (C4H11N2O4P1)) + 1 H+ = H(L-2-Aminopropanoylaminomethylphosphonic acid (L-Ala-Gly-P) (C4H11N2O4P1))"	"8.16"	"8.16 (NIST-SRD46-verkn_ligand_metal_sic)"	"NIST SRD 46 raw SQL beta_definition_id=79 ligand_id=8365 ligand_name=L-2-Aminopropanoylaminomethylphosphonic acid (L-Ala-Gly-P) metal_id=68 metal=H+ literature_ids=0"	"I=0.1; uncertainty=0"
"H(N,N-Dimethylaminomethylphosphonic acid (C3H10N1O3P1))"	"1 (N,N-Dimethylaminomethylphosphonic acid (C3H10N1O3P1)) + 1 H+ = H(N,N-Dimethylaminomethylphosphonic acid (C3H10N1O3P1))"	"10.98"	"10.98 (NIST-SRD46-verkn_ligand_metal_sic)"	"NIST SRD 46 raw SQL beta_definition_id=79 ligand_id=8393 ligand_name=N N-Dimethylaminomethylphosphonic acid metal_id=68 metal=H+ literature_ids=0"	"I=0.1; uncertainty=+/-8"
"H(N-Ethylaminomethylphosphonic acid (C3H10N1O3P1))"	"1 (N-Ethylaminomethylphosphonic acid (C3H10N1O3P1)) + 1 H+ = H(N-Ethylaminomethylphosphonic acid (C3H10N1O3P1))"	"11.01"	"11.01 (NIST-SRD46-verkn_ligand_metal_sic)"	"NIST SRD 46 raw SQL beta_definition_id=79 ligand_id=8379 ligand_name=N-Ethylaminomethylphosphonic acid metal_id=68 metal=H+ literature_ids=0"	"I=0.1; uncertainty=0"
"H(N-Methylaminomethylphosphonic acid (Sar-P) (C2H8N1O3P1))"	"1 (N-Methylaminomethylphosphonic acid (Sar-P) (C2H8N1O3P1)) + 1 H+ = H(N-Methylaminomethylphosphonic acid (Sar-P) (C2H8N1O3P1))"	"10.91"	"10.91 (NIST-SRD46-verkn_ligand_metal_sic)"	"NIST SRD 46 raw SQL beta_definition_id=79 ligand_id=8378 ligand_name=N-Methylaminomethylphosphonic acid (Sar-P) metal_id=68 metal=H+ literature_ids=0"	"I=0.1; uncertainty=0"
"H2(2-Aminoethylaminomethylphosphonic acid (Ethylenediamine-N-methylenephosphonic acid) (EDMP) (C3H11N2O3P1))"	"1 H(2-Aminoethylaminomethylphosphonic acid (Ethylenediamine-N-methylenephosphonic acid) (EDMP) (C3H11N2O3P1)) + 1 H+ = H2(2-Aminoethylaminomethylphosphonic acid (Ethylenediamine-N-methylenephosphonic acid) (EDMP) (C3H11N2O3P1))"	"7.35"	"7.35 (NIST-SRD46-verkn_ligand_metal_sic)"	"NIST SRD 46 raw SQL beta_definition_id=32 ligand_id=8383 ligand_name=2-Aminoethylaminomethylphosphonic acid (Ethylenediamine-N-methylenephosphonic acid) (EDMP) metal_id=68 metal=H+ literature_ids=0"	"I=0.1; uncertainty=0"
"H2(Aminomethanoylaminomethylphosphonic acid (Gly-Gly-P) (C3H9N2O4P1))"	"1 H(Aminomethanoylaminomethylphosphonic acid (Gly-Gly-P) (C3H9N2O4P1)) + 1 H+ = H2(Aminomethanoylaminomethylphosphonic acid (Gly-Gly-P) (C3H9N2O4P1))"	"6.16"	"6.16 (NIST-SRD46-verkn_ligand_metal_sic)"	"NIST SRD 46 raw SQL beta_definition_id=32 ligand_id=8363 ligand_name=Aminomethanoylaminomethylphosphonic acid (Gly-Gly-P) metal_id=68 metal=H+ literature_ids=0"	"I=0.1; uncertainty=+/-4"
"H2(Aminomethylphosphonic acid (Gly-P) (C1H6N1O3P1))"	"1 H(Aminomethylphosphonic acid (Gly-P) (C1H6N1O3P1)) + 1 H+ = H2(Aminomethylphosphonic acid (Gly-P) (C1H6N1O3P1))"	"5.32"	"5.32 (NIST-SRD46-verkn_ligand_metal_sic)"	"NIST SRD 46 raw SQL beta_definition_id=32 ligand_id=8332 ligand_name=Aminomethylphosphonic acid (Gly-P) metal_id=68 metal=H+ literature_ids=0"	"I=0.5; uncertainty=0"
"H2(Aminomethylphosphonic acid (Gly-P) (C1H6N1O3P1))"	"1 H(Aminomethylphosphonic acid (Gly-P) (C1H6N1O3P1)) + 1 H+ = H2(Aminomethylphosphonic acid (Gly-P) (C1H6N1O3P1))"	"5.4"	"5.4 (NIST-SRD46-verkn_ligand_metal_sic)"	"NIST SRD 46 raw SQL beta_definition_id=32 ligand_id=8332 ligand_name=Aminomethylphosphonic acid (Gly-P) metal_id=68 metal=H+ literature_ids=0"	"I=0.1; uncertainty=+/-2"
"H2(L-2-Aminopropanoylaminomethylphosphonic acid (L-Ala-Gly-P) (C4H11N2O4P1))"	"1 H(L-2-Aminopropanoylaminomethylphosphonic acid (L-Ala-Gly-P) (C4H11N2O4P1)) + 1 H+ = H2(L-2-Aminopropanoylaminomethylphosphonic acid (L-Ala-Gly-P) (C4H11N2O4P1))"	"6.09"	"6.09 (NIST-SRD46-verkn_ligand_metal_sic)"	"NIST SRD 46 raw SQL beta_definition_id=32 ligand_id=8365 ligand_name=L-2-Aminopropanoylaminomethylphosphonic acid (L-Ala-Gly-P) metal_id=68 metal=H+ literature_ids=0"	"I=0.1; uncertainty=0"
"H2(N,N-Bis(2-hydroxyethyl)aminomethylphosphonic acid (C5H14N1O5P1))"	"1 H(N,N-Bis(2-hydroxyethyl)aminomethylphosphonic acid (C5H14N1O5P1)) + 1 H+ = H2(N,N-Bis(2-hydroxyethyl)aminomethylphosphonic acid (C5H14N1O5P1))"	"5.04"	"5.04 (NIST-SRD46-verkn_ligand_metal_sic)"	"NIST SRD 46 raw SQL beta_definition_id=32 ligand_id=8415 ligand_name=N N-Bis(2-hydroxyethyl)aminomethylphosphonic acid metal_id=68 metal=H+ literature_ids=0"	"I=0.1; uncertainty=0"
"H2(N,N-Diethylaminomethylphosphonic acid (C5H14N1O3P1))"	"1 H(N,N-Diethylaminomethylphosphonic acid (C5H14N1O3P1)) + 1 H+ = H2(N,N-Diethylaminomethylphosphonic acid (C5H14N1O3P1))"	"5.32"	"5.32 (NIST-SRD46-verkn_ligand_metal_sic)"	"NIST SRD 46 raw SQL beta_definition_id=32 ligand_id=8394 ligand_name=N N-Diethylaminomethylphosphonic acid metal_id=68 metal=H+ literature_ids=0"	"I=0.1; uncertainty=+/-5"
"H2(N,N-Diethylaminomethylphosphonic acid (C5H14N1O3P1))"	"1 H(N,N-Diethylaminomethylphosphonic acid (C5H14N1O3P1)) + 1 H+ = H2(N,N-Diethylaminomethylphosphonic acid (C5H14N1O3P1))"	"5.8"	"5.8 (NIST-SRD46-verkn_ligand_metal_sic)"	"NIST SRD 46 raw SQL beta_definition_id=32 ligand_id=8394 ligand_name=N N-Diethylaminomethylphosphonic acid metal_id=68 metal=H+ literature_ids=0"	"I=1.0; uncertainty=0"
"H2(N,N-Dimethylaminomethylphosphonic acid (C3H10N1O3P1))"	"1 H(N,N-Dimethylaminomethylphosphonic acid (C3H10N1O3P1)) + 1 H+ = H2(N,N-Dimethylaminomethylphosphonic acid (C3H10N1O3P1))"	"5.18"	"5.18 (NIST-SRD46-verkn_ligand_metal_sic)"	"NIST SRD 46 raw SQL beta_definition_id=32 ligand_id=8393 ligand_name=N N-Dimethylaminomethylphosphonic acid metal_id=68 metal=H+ literature_ids=0"	"I=0.1; uncertainty=+/-2"
"H2(N-Ethylaminomethylphosphonic acid (C3H10N1O3P1))"	"1 H(N-Ethylaminomethylphosphonic acid (C3H10N1O3P1)) + 1 H+ = H2(N-Ethylaminomethylphosphonic acid (C3H10N1O3P1))"	"5.34"	"5.34 (NIST-SRD46-verkn_ligand_metal_sic)"	"NIST SRD 46 raw SQL beta_definition_id=32 ligand_id=8379 ligand_name=N-Ethylaminomethylphosphonic acid metal_id=68 metal=H+ literature_ids=0"	"I=0.1; uncertainty=0"
"H2(N-Methylaminomethylphosphonic acid (Sar-P) (C2H8N1O3P1))"	"1 H(N-Methylaminomethylphosphonic acid (Sar-P) (C2H8N1O3P1)) + 1 H+ = H2(N-Methylaminomethylphosphonic acid (Sar-P) (C2H8N1O3P1))"	"5.31"	"5.31 (NIST-SRD46-verkn_ligand_metal_sic)"	"NIST SRD 46 raw SQL beta_definition_id=32 ligand_id=8378 ligand_name=N-Methylaminomethylphosphonic acid (Sar-P) metal_id=68 metal=H+ literature_ids=0"	"I=0.1; uncertainty=0"
"H3(2-Aminoethylaminomethylphosphonic acid (Ethylenediamine-N-methylenephosphonic acid) (EDMP) (C3H11N2O3P1))"	"1 H2(2-Aminoethylaminomethylphosphonic acid (Ethylenediamine-N-methylenephosphonic acid) (EDMP) (C3H11N2O3P1)) + 1 H+ = H3(2-Aminoethylaminomethylphosphonic acid (Ethylenediamine-N-methylenephosphonic acid) (EDMP) (C3H11N2O3P1))"	"4.85"	"4.85 (NIST-SRD46-verkn_ligand_metal_sic)"	"NIST SRD 46 raw SQL beta_definition_id=53 ligand_id=8383 ligand_name=2-Aminoethylaminomethylphosphonic acid (Ethylenediamine-N-methylenephosphonic acid) (EDMP) metal_id=68 metal=H+ literature_ids=0"	"I=0.1; uncertainty=0"
